Community,Community Code,House,Plan No,Option,Option Number,Dependent Condition,Option Description,Building Phase,Product Code,Product,Style,Description,Supplemental,Waste,Round,Accuracy,Unit,Product Qty,Waste Qty,Rounding Qty,Total Qty
"Ottawa_Com_DO_NOT_MODIFY","1703","Tommy_House_RT_DO_NOT_MODIFY","1703","PL_Opt_Additive_Mapping_From","4560","","","24-PL_BuildPhase_Garage","","PL_Product_For_Opt_Additive_Mapping_1_From","PL_Style","","False","0.00","Std","","","11.0000","0.00","0.00","11.0000"
"Ottawa_Com_DO_NOT_MODIFY","1703","Tommy_House_RT_DO_NOT_MODIFY","1703","PL_Opt_Additive_Mapping_From","4560","","","24-PL_BuildPhase_Garage","","PL_Product_For_Opt_Additive_Mapping_2_From","PL_Style","","False","0.00","Std","","","12.0000","0.00","0.00","12.0000"
"Ottawa_Com_DO_NOT_MODIFY","1703","Tommy_House_RT_DO_NOT_MODIFY","1703","PL_Opt_Additive_Mapping_To","4561","","","24-PL_BuildPhase_Garage","","PL_Product_For_Opt_Additive_Mapping_1_To","PL_Style","","False","0.00","Std","","","15.0000","0.00","0.00","15.0000"
"Ottawa_Com_DO_NOT_MODIFY","1703","Tommy_House_RT_DO_NOT_MODIFY","1703","PL_Opt_Additive_Mapping_To","4561","","","24-PL_BuildPhase_Garage","","PL_Product_For_Opt_Additive_Mapping_2_To","PL_Style","","False","0.00","Std","","","16.0000","0.00","0.00","16.0000"
"Ottawa_Com_DO_NOT_MODIFY","1703","Tommy_House_RT_DO_NOT_MODIFY","1703","PL_Opt_Archive_1_Option","4901","","","24-PL_BuildPhase_Garage","","PL_Product_Archive_1_Option","PL_Style","","False","0.00","Std","","EA","71.0000","0.00","0.00","71.0000"
"Ottawa_Com_DO_NOT_MODIFY","1703","Tommy_House_RT_DO_NOT_MODIFY","1703","PL_Opt_Archive_2_House","4902","","","24-PL_BuildPhase_Garage","","PL_Product_Archive_2_1_House","PL_Style","","False","0.00","Std","","EA","91.0000","0.00","0.00","91.0000"
"Ottawa_Com_DO_NOT_MODIFY","1703","Tommy_House_RT_DO_NOT_MODIFY","1703","PL_Opt_Archive_2_House","4902","","","24-PL_BuildPhase_Garage","","PL_Product_Archive_2_2_House","PL_Style","","False","0.00","Std","","EA","92.0000","0.00","0.00","92.0000"
"Ottawa_Com_DO_NOT_MODIFY","1703","Tommy_House_RT_DO_NOT_MODIFY","1703","PL_Opt_BASE","4632","","","24-PL_BuildPhase_Garage","","PL_Product_Sand_Subcomponent_Layer_2_Waste_Round","PL_Style","","False","1.10","Down","1","","-14.0000","-1.40","0.40","-15.0000"
"Ottawa_Com_DO_NOT_MODIFY","1703","Tommy_House_RT_DO_NOT_MODIFY","1703","PL_Opt_BLR_New_1_TC_11","4816","PL_Opt_BLR_Original_TC_11","","25-PL_BuildPhase_Bid_Bedroom","","PL_Product_BLR_TC_11_A_Act","PL_Style","","False","0.00","Std","","EA","1011.0000","0.00","0.00","1011.0000"
"Ottawa_Com_DO_NOT_MODIFY","1703","Tommy_House_RT_DO_NOT_MODIFY","1703","PL_Opt_BLR_New_1_TC_15","4823","PL_Opt_BLR_Original_TC_15","","25-PL_BuildPhase_Bid_Bedroom","","PL_Product_BLR_TC_15_A_Act_Sub","PL_Style","","False","0.00","Std","","EA","2040.0000","0.00","0.00","2040.0000"
"Ottawa_Com_DO_NOT_MODIFY","1703","Tommy_House_RT_DO_NOT_MODIFY","1703","PL_Opt_BLR_New_1_TC_19","4833","PL_Opt_BLR_Original_TC_19","","25-PL_BuildPhase_Bid_Bedroom","","PL_Product_BLR_TC_19_A_Act","PL_Style","","False","0.00","Std","","EA","1019.0000","0.00","0.00","1019.0000"
"Ottawa_Com_DO_NOT_MODIFY","1703","Tommy_House_RT_DO_NOT_MODIFY","1703","PL_Opt_BLR_New_1_TC_26","4916","PL_Opt_BLR_Original_TC_26","","25-PL_BuildPhase_Bid_Bedroom","","PL_Product_BLR_TC_26_A_Act","PL_Style","","False","1.15","Down","1","EA","1026.0000","153.90","-0.90","1179.0000"
"Ottawa_Com_DO_NOT_MODIFY","1703","Tommy_House_RT_DO_NOT_MODIFY","1703","PL_Opt_BLR_New_1_TC_31","4930","","","25-PL_BuildPhase_Bid_Bedroom","","PL_Product_BLR_TC_31_B","PL_Style","","False","1.15","Down","1","EA","7122.0000","0.00","0.00","7122.0000"
"Ottawa_Com_DO_NOT_MODIFY","1703","Tommy_House_RT_DO_NOT_MODIFY","1703","PL_Opt_BLR_New_1_TC_40","4943","PL_Opt_BLR_Original_TC_40","","25-PL_BuildPhase_Bid_Bedroom","","PL_Product_BLR_TC_40_B","PL_Style","","False","1.15","Down","1","EA","1196.0000","0.00","0.00","1196.0000"
"Ottawa_Com_DO_NOT_MODIFY","1703","Tommy_House_RT_DO_NOT_MODIFY","1703","PL_Opt_BLR_New_1_TC_41","4945","PL_Opt_BLR_Original_TC_41","","25-PL_BuildPhase_Bid_Bedroom","","PL_Product_BLR_TC_41_B","PL_Style","","False","1.15","Down","1","EA","3591.0000","0.00","0.00","3591.0000"
"Ottawa_Com_DO_NOT_MODIFY","1703","Tommy_House_RT_DO_NOT_MODIFY","1703","PL_Opt_BLR_New_1_TC_42","4951","PL_Opt_BLR_Original_TC_42","","25-PL_BuildPhase_Bid_Bedroom","","PL_Product_BLR_TC_42_A_Act","PL_Style","","False","1.15","Down","1","EA","1042.0000","156.30","-0.30","1198.0000"
"Ottawa_Com_DO_NOT_MODIFY","1703","Tommy_House_RT_DO_NOT_MODIFY","1703","PL_Opt_BLR_New_1_TC_52","5029","PL_Opt_BLR_Original_TC_52","","24-PL_BuildPhase_Garage","","PL_Product_BLR_A_Con","PL_Style","","False","1.15","Down","1","EA","1052.0000","157.80","-0.80","1209.0000"
"Ottawa_Com_DO_NOT_MODIFY","1703","Tommy_House_RT_DO_NOT_MODIFY","1703","PL_Opt_BLR_New_1_TC_53","5014","PL_Opt_BLR_Original_TC_53","","25-PL_BuildPhase_Bid_Bedroom","","PL_Product_BLR_TC_53_A_Act_1","PL_Style","","False","1.15","Down","1","EA","1053.0000","157.95","-0.95","1210.0000"
"Ottawa_Com_DO_NOT_MODIFY","1703","Tommy_House_RT_DO_NOT_MODIFY","1703","PL_Opt_BLR_New_1_TC_53","5014","PL_Opt_BLR_Original_TC_53","","25-PL_BuildPhase_Bid_Bedroom","","PL_Product_BLR_TC_53_A_Act_2","PL_Style","","False","1.15","Down","1","EA","1053.0000","157.95","-0.95","1210.0000"
"Ottawa_Com_DO_NOT_MODIFY","1703","Tommy_House_RT_DO_NOT_MODIFY","1703","PL_Opt_BLR_New_1_TC_53","5014","PL_Opt_BLR_Original_TC_53","","25-PL_BuildPhase_Bid_Bedroom","","PL_Product_BLR_TC_53_A_Act_3","PL_Style","","False","1.15","Down","1","EA","1053.0000","157.95","-0.95","1210.0000"
"Ottawa_Com_DO_NOT_MODIFY","1703","Tommy_House_RT_DO_NOT_MODIFY","1703","PL_Opt_BLR_New_1_TC_53","5014","PL_Opt_BLR_Original_TC_53","","25-PL_BuildPhase_Bid_Bedroom","","PL_Product_BLR_TC_53_A_Act_4","PL_Style","","False","1.15","Down","1","EA","1053.0000","157.95","-0.95","1210.0000"
"Ottawa_Com_DO_NOT_MODIFY","1703","Tommy_House_RT_DO_NOT_MODIFY","1703","PL_Opt_BLR_New_1_TC_54","5016","PL_Opt_BLR_Original_TC_54","","25-PL_BuildPhase_Bid_Bedroom","","PL_Product_BLR_TC_54_A_Act_1","PL_Style","","False","1.15","Down","1","EA","1054.0000","158.10","-0.10","1212.0000"
"Ottawa_Com_DO_NOT_MODIFY","1703","Tommy_House_RT_DO_NOT_MODIFY","1703","PL_Opt_BLR_New_1_TC_54","5016","PL_Opt_BLR_Original_TC_54","","25-PL_BuildPhase_Bid_Bedroom","","PL_Product_BLR_TC_54_A_Act_2","PL_Style","","False","1.15","Down","1","EA","1054.0000","158.10","-0.10","1212.0000"
"Ottawa_Com_DO_NOT_MODIFY","1703","Tommy_House_RT_DO_NOT_MODIFY","1703","PL_Opt_BLR_New_1_TC_54","5016","PL_Opt_BLR_Original_TC_54","","25-PL_BuildPhase_Bid_Bedroom","","PL_Product_BLR_TC_54_A_Act_3","PL_Style","","False","1.15","Down","1","EA","1054.0000","158.10","-0.10","1212.0000"
"Ottawa_Com_DO_NOT_MODIFY","1703","Tommy_House_RT_DO_NOT_MODIFY","1703","PL_Opt_BLR_New_1_TC_54","5016","PL_Opt_BLR_Original_TC_54","","25-PL_BuildPhase_Bid_Bedroom","","PL_Product_BLR_TC_54_A_Act_4","PL_Style","","False","1.15","Down","1","EA","1054.0000","158.10","-0.10","1212.0000"
"Ottawa_Com_DO_NOT_MODIFY","1703","Tommy_House_RT_DO_NOT_MODIFY","1703","PL_Opt_BLR_New_2_TC_11","4817","PL_Opt_BLR_Original_TC_11 and PL_Opt_BLR_New_1_TC_11","","25-PL_BuildPhase_Bid_Bedroom","","PL_Product_BLR_TC_11_A_Act_Act","PL_Style","","False","0.00","Std","","EA","1011.0000","0.00","0.00","1011.0000"
"Ottawa_Com_DO_NOT_MODIFY","1703","Tommy_House_RT_DO_NOT_MODIFY","1703","PL_Opt_BLR_New_2_TC_15","4824","PL_Opt_BLR_Original_TC_15 and PL_Opt_BLR_New_1_TC_15","","25-PL_BuildPhase_Bid_Bedroom","","PL_Product_BLR_TC_15_A_Act_Sub_Act_Sub","PL_Style","","False","0.00","Std","","EA","4090.0000","0.00","0.00","4090.0000"
"Ottawa_Com_DO_NOT_MODIFY","1703","Tommy_House_RT_DO_NOT_MODIFY","1703","PL_Opt_BLR_New_2_TC_23","4909","","","25-PL_BuildPhase_Bid_Bedroom","","PL_Product_BLR_TC_23_B","PL_Style","","False","1.15","Down","1","EA","2364.0000","0.00","0.00","2364.0000"
"Ottawa_Com_DO_NOT_MODIFY","1703","Tommy_House_RT_DO_NOT_MODIFY","1703","PL_Opt_BLR_New_2_TC_26","4917","PL_Opt_BLR_Original_TC_26 and PL_Opt_BLR_New_1_TC_26","","25-PL_BuildPhase_Bid_Bedroom","","PL_Product_BLR_TC_26_A_Act_Act_Sub","PL_Style","","False","1.15","Down","1","EA","2062.0000","309.30","-0.30","2371.0000"
"Ottawa_Com_DO_NOT_MODIFY","1703","Tommy_House_RT_DO_NOT_MODIFY","1703","PL_Opt_BLR_New_2_TC_37","4938","PL_Opt_BLR_Original_TC_37","","25-PL_BuildPhase_Bid_Bedroom","","PL_Product_BLR_TC_37_B","PL_Style","","False","1.15","Down","1","EA","4792.0000","0.00","0.00","4792.0000"
"Ottawa_Com_DO_NOT_MODIFY","1703","Tommy_House_RT_DO_NOT_MODIFY","1703","PL_Opt_BLR_New_2_TC_41","4946","PL_Opt_BLR_Original_TC_41","","25-PL_BuildPhase_Bid_Bedroom","","PL_Product_BLR_TC_41_B","PL_Style","","False","1.15","Down","1","EA","3591.0000","0.00","0.00","3591.0000"
"Ottawa_Com_DO_NOT_MODIFY","1703","Tommy_House_RT_DO_NOT_MODIFY","1703","PL_Opt_BLR_New_3_TC_15","4825","PL_Opt_BLR_Original_TC_15 and PL_Opt_BLR_New_1_TC_15 and PL_Opt_BLR_New_2_TC_15","","25-PL_BuildPhase_Bid_Bedroom","","PL_Product_BLR_TC_15_A_Act_Sub_Act_Sub_Act","PL_Style","","False","0.00","Std","","EA","4090.0000","0.00","0.00","4090.0000"
"Ottawa_Com_DO_NOT_MODIFY","1703","Tommy_House_RT_DO_NOT_MODIFY","1703","PL_Opt_BLR_New_3_TC_18","4831","PL_Opt_BLR_Original_TC_18 and PL_Opt_BLR_New_1_TC_18","","25-PL_BuildPhase_Bid_Bedroom","","PL_Product_BLR_TC_18_A_Act_SS_Sub_Act_Sub_Act","PL_Style","","False","0.00","Std","","EA","4102.0000","0.00","0.00","4102.0000"
"Ottawa_Com_DO_NOT_MODIFY","1703","Tommy_House_RT_DO_NOT_MODIFY","1703","PL_Opt_BLR_New_3_TC_26","4918","PL_Opt_BLR_Original_TC_26 and PL_Opt_BLR_New_1_TC_26 and PL_Opt_BLR_New_2_TC_26","","25-PL_BuildPhase_Bid_Bedroom","","PL_Product_BLR_TC_26_B","PL_Style","","False","1.15","Down","1","EA","4742.0000","0.00","0.00","4742.0000"
"Ottawa_Com_DO_NOT_MODIFY","1703","Tommy_House_RT_DO_NOT_MODIFY","1703","PL_Opt_BLR_New_3_TC_61","4841","PL_Opt_BLR_Original_TC_61","","25-PL_BuildPhase_Bid_Bedroom","","PL_Product_BLR_TC_61_A_Act_Act_Act","PL_Style","","False","0.00","Std","","EA","1061.0000","0.00","0.00","1061.0000"
"Ottawa_Com_DO_NOT_MODIFY","1703","Tommy_House_RT_DO_NOT_MODIFY","1703","PL_Opt_BLR_New_3_TC_61","4841","PL_Opt_BLR_Original_TC_61 and PL_Opt_BLR_New_1_TC_61","","25-PL_BuildPhase_Bid_Bedroom","","PL_Product_BLR_TC_61_A_Act_Act_Act","PL_Style","","False","0.00","Std","","EA","1061.0000","0.00","0.00","1061.0000"
"Ottawa_Com_DO_NOT_MODIFY","1703","Tommy_House_RT_DO_NOT_MODIFY","1703","PL_Opt_BLR_New_BPBA_TC_22","4906","PL_Opt_BLR_Original_TC_22","","25-PL_BuildPhase_Bid_Bedroom","","PL_Product_BLR_TC_22_B","PL_Style","","False","1.15","Down","1","EA","2391.0000","0.00","0.00","2391.0000"
"Ottawa_Com_DO_NOT_MODIFY","1703","Tommy_House_RT_DO_NOT_MODIFY","1703","PL_Opt_BLR_New_BPBA_TC_25","4914","PL_Opt_BLR_Original_TC_25","","25-PL_BuildPhase_Bid_Bedroom","","PL_Product_BLR_TC_25_B","PL_Style","","False","1.15","Down","1","EA","1178.0000","0.00","0.00","1178.0000"
"Ottawa_Com_DO_NOT_MODIFY","1703","Tommy_House_RT_DO_NOT_MODIFY","1703","PL_Opt_BLR_New_BPBA_TC_28","4922","","","25-PL_BuildPhase_Bid_Bedroom","","PL_Product_BLR_TC_28_B","PL_Style","","False","1.15","Down","1","EA","1182.0000","0.00","0.00","1182.0000"
"Ottawa_Com_DO_NOT_MODIFY","1703","Tommy_House_RT_DO_NOT_MODIFY","1703","PL_Opt_BLR_New_BPBA_TC_28","4922","PL_Opt_BLR_Original_TC_28","","25-PL_BuildPhase_Bid_Bedroom","","PL_Product_BLR_TC_28_B","PL_Style","","False","1.15","Down","1","EA","5862.0000","0.00","0.00","5862.0000"
"Ottawa_Com_DO_NOT_MODIFY","1703","Tommy_House_RT_DO_NOT_MODIFY","1703","PL_Opt_BLR_New_BPBA_TC_29","4927","PL_Opt_BLR_Original_TC_29","","25-PL_BuildPhase_Bid_Bedroom","","PL_Product_BLR_TC_29_B","PL_Style","","False","1.15","Down","1","EA","3549.0000","0.00","0.00","3549.0000"
"Ottawa_Com_DO_NOT_MODIFY","1703","Tommy_House_RT_DO_NOT_MODIFY","1703","PL_Opt_BLR_New_TC_12","4819","","","25-PL_BuildPhase_Bid_Bedroom","","PL_Product_BLR_TC_12_A_Act_Sub_Act","PL_Style","","False","0.00","Std","","EA","2034.0000","0.00","0.00","2034.0000"
"Ottawa_Com_DO_NOT_MODIFY","1703","Tommy_House_RT_DO_NOT_MODIFY","1703","PL_Opt_BLR_New_TC_2","4802","PL_Opt_BLR_Original_TC_2","","25-PL_BuildPhase_Bid_Bedroom","","PL_Product_BLR_TC_2_A_Act","PL_Style","","False","0.00","Std","","EA","2014.0000","0.00","0.00","2014.0000"
"Ottawa_Com_DO_NOT_MODIFY","1703","Tommy_House_RT_DO_NOT_MODIFY","1703","PL_Opt_BLR_New_TC_6","4808","PL_Opt_BLR_Original_TC_6","","25-PL_BuildPhase_Bid_Bedroom","","PL_Product_BLR_TC_6_A_Act","PL_Style","","False","0.00","Std","","EA","1006.0000","0.00","0.00","1006.0000"
"Ottawa_Com_DO_NOT_MODIFY","1703","Tommy_House_RT_DO_NOT_MODIFY","1703","PL_Opt_BLR_New_TC_8","4811","PL_Opt_BLR_Original_TC_8","","25-PL_BuildPhase_Bid_Bedroom","","PL_Product_BLR_TC_8_A_Act_Sub_SS_Sub","PL_Style","","False","0.00","Std","","EA","4062.0000","0.00","0.00","4062.0000"
"Ottawa_Com_DO_NOT_MODIFY","1703","Tommy_House_RT_DO_NOT_MODIFY","1703","PL_Opt_BLR_New_TC_9","4813","PL_Opt_BLR_Original_TC_9","","25-PL_BuildPhase_Bid_Bedroom","","PL_Product_BLR_TC_9_A_Act","PL_Style","","False","0.00","Std","","EA","1009.0000","0.00","0.00","1009.0000"
"Ottawa_Com_DO_NOT_MODIFY","1703","Tommy_House_RT_DO_NOT_MODIFY","1703","PL_Opt_BLR_New_TC_9","4813","PL_Opt_BLR_Original_TC_9","","25-PL_BuildPhase_Bid_Bedroom","","PL_Product_BLR_TC_9_A_Act_Act","PL_Style","","False","0.00","Std","","EA","1009.0000","0.00","0.00","1009.0000"
"Ottawa_Com_DO_NOT_MODIFY","1703","Tommy_House_RT_DO_NOT_MODIFY","1703","PL_Opt_BLR_Original_TC_1","4800","","","25-PL_BuildPhase_Bid_Bedroom","","PL_Product_BLR_A_Con","PL_Style","","False","1.15","Down","1","EA","1001.0000","150.15","-0.15","1151.0000"
"Ottawa_Com_DO_NOT_MODIFY","1703","Tommy_House_RT_DO_NOT_MODIFY","1703","PL_Opt_BLR_Original_TC_1","4800","","","25-PL_BuildPhase_Bid_Bedroom","","PL_Product_BLR_TC_1_A_Act","PL_Style","","False","0.00","Std","","EA","1001.0000","0.00","0.00","1001.0000"
"Ottawa_Com_DO_NOT_MODIFY","1703","Tommy_House_RT_DO_NOT_MODIFY","1703","PL_Opt_BLR_Original_TC_10","4814","","","25-PL_BuildPhase_Bid_Bedroom","","PL_Product_BLR_TC_10_A_Act_Sub_Act","PL_Style","","False","0.00","Std","","EA","2030.0000","0.00","0.00","2030.0000"
"Ottawa_Com_DO_NOT_MODIFY","1703","Tommy_House_RT_DO_NOT_MODIFY","1703","PL_Opt_BLR_Original_TC_12","4818","","","25-PL_BuildPhase_Bid_Bedroom","","PL_Product_BLR_A_Con","PL_Style","","False","1.15","Down","1","EA","1012.0000","151.80","-0.80","1163.0000"
"Ottawa_Com_DO_NOT_MODIFY","1703","Tommy_House_RT_DO_NOT_MODIFY","1703","PL_Opt_BLR_Original_TC_13","4820","","","25-PL_BuildPhase_Bid_Bedroom","","PL_Product_BLR_A_Con","PL_Style","","False","1.15","Down","1","EA","1013.0000","151.95","-0.95","1164.0000"
"Ottawa_Com_DO_NOT_MODIFY","1703","Tommy_House_RT_DO_NOT_MODIFY","1703","PL_Opt_BLR_Original_TC_13","4820","","","25-PL_BuildPhase_Bid_Bedroom","","PL_Product_BLR_TC_13_A_Act_Sub_SS_Sub","PL_Style","","False","0.00","Std","","EA","4082.0000","0.00","0.00","4082.0000"
"Ottawa_Com_DO_NOT_MODIFY","1703","Tommy_House_RT_DO_NOT_MODIFY","1703","PL_Opt_BLR_Original_TC_13","4820","","","25-PL_BuildPhase_Bid_Bedroom","","PL_Product_BLR_TC_13_A_Act_Sub_SS_Sub_Act","PL_Style","","False","0.00","Std","","EA","4082.0000","0.00","0.00","4082.0000"
"Ottawa_Com_DO_NOT_MODIFY","1703","Tommy_House_RT_DO_NOT_MODIFY","1703","PL_Opt_BLR_Original_TC_14","4821","","","25-PL_BuildPhase_Bid_Bedroom","","PL_Product_BLR_TC_14_A_Act_Act_Act","PL_Style","","False","0.00","Std","","EA","1014.0000","0.00","0.00","1014.0000"
"Ottawa_Com_DO_NOT_MODIFY","1703","Tommy_House_RT_DO_NOT_MODIFY","1703","PL_Opt_BLR_Original_TC_15","4822","","","25-PL_BuildPhase_Bid_Bedroom","","PL_Product_BLR_A_Con","PL_Style","","False","1.15","Down","1","EA","1015.0000","152.25","-0.25","1167.0000"
"Ottawa_Com_DO_NOT_MODIFY","1703","Tommy_House_RT_DO_NOT_MODIFY","1703","PL_Opt_BLR_Original_TC_16_All_3","4826","","","25-PL_BuildPhase_Bid_Bedroom","","PL_Product_BLR_A_Con","PL_Style","","False","1.15","Down","1","EA","1016.0000","152.40","-0.40","1168.0000"
"Ottawa_Com_DO_NOT_MODIFY","1703","Tommy_House_RT_DO_NOT_MODIFY","1703","PL_Opt_BLR_Original_TC_16_All_3","4826","","","25-PL_BuildPhase_Bid_Bedroom","","PL_Product_BLR_TC_16_A_Act_3_Mode","PL_Style","","False","0.00","Std","","EA","3048.0000","0.00","0.00","3048.0000"
"Ottawa_Com_DO_NOT_MODIFY","1703","Tommy_House_RT_DO_NOT_MODIFY","1703","PL_Opt_BLR_Original_TC_2","4801","","","25-PL_BuildPhase_Bid_Bedroom","","PL_Product_BLR_A_Con","PL_Style","","False","1.15","Down","1","EA","1002.0000","150.30","-0.30","1152.0000"
"Ottawa_Com_DO_NOT_MODIFY","1703","Tommy_House_RT_DO_NOT_MODIFY","1703","PL_Opt_BLR_Original_TC_20","4835","","","25-PL_BuildPhase_Bid_Bedroom","","PL_Product_BLR_A_Con","PL_Style","","False","1.15","Down","1","EA","1020.0000","153.00","0.00","1173.0000"
"Ottawa_Com_DO_NOT_MODIFY","1703","Tommy_House_RT_DO_NOT_MODIFY","1703","PL_Opt_BLR_Original_TC_21","4903","","","25-PL_BuildPhase_Bid_Bedroom","","PL_Product_BLR_TC_21_B","PL_Style","","False","1.15","Down","1","EA","1174.0000","0.00","0.00","1174.0000"
"Ottawa_Com_DO_NOT_MODIFY","1703","Tommy_House_RT_DO_NOT_MODIFY","1703","PL_Opt_BLR_Original_TC_22","4904","","","25-PL_BuildPhase_Bid_Bedroom","","PL_Product_BLR_A_Con","PL_Style","","False","1.15","Down","1","EA","1022.0000","153.30","-0.30","1175.0000"
"Ottawa_Com_DO_NOT_MODIFY","1703","Tommy_House_RT_DO_NOT_MODIFY","1703","PL_Opt_BLR_Original_TC_24","4911","","","25-PL_BuildPhase_Bid_Bedroom","","PL_Product_BLR_TC_24_B","PL_Style","","False","1.15","Down","1","EA","4732.0000","0.00","0.00","4732.0000"
"Ottawa_Com_DO_NOT_MODIFY","1703","Tommy_House_RT_DO_NOT_MODIFY","1703","PL_Opt_BLR_Original_TC_25","4912","","","25-PL_BuildPhase_Bid_Bedroom","","PL_Product_BLR_TC_25_A_Act","PL_Style","","False","1.15","Down","1","EA","1025.0000","153.75","-0.75","1178.0000"
"Ottawa_Com_DO_NOT_MODIFY","1703","Tommy_House_RT_DO_NOT_MODIFY","1703","PL_Opt_BLR_Original_TC_25","4912","","","25-PL_BuildPhase_Bid_Bedroom","","PL_Product_BLR_TC_25_A_Act_Act","PL_Style","","False","1.15","Down","1","EA","1025.0000","153.75","-0.75","1178.0000"
"Ottawa_Com_DO_NOT_MODIFY","1703","Tommy_House_RT_DO_NOT_MODIFY","1703","PL_Opt_BLR_Original_TC_26","4915","","","25-PL_BuildPhase_Bid_Bedroom","","PL_Product_BLR_A_Con","PL_Style","","False","1.15","Down","1","EA","1026.0000","153.90","-0.90","1179.0000"
"Ottawa_Com_DO_NOT_MODIFY","1703","Tommy_House_RT_DO_NOT_MODIFY","1703","PL_Opt_BLR_Original_TC_27","4919","","","25-PL_BuildPhase_Bid_Bedroom","","PL_Product_BLR_A_Con","PL_Style","","False","1.15","Down","1","EA","1027.0000","154.05","-0.05","1181.0000"
"Ottawa_Com_DO_NOT_MODIFY","1703","Tommy_House_RT_DO_NOT_MODIFY","1703","PL_Opt_BLR_Original_TC_27","4919","","","25-PL_BuildPhase_Bid_Bedroom","","PL_Product_BLR_TC_27_A_Act_SS_Sub_Act","PL_Style","","False","1.15","Down","1","EA","2064.0000","309.60","-0.60","2373.0000"
"Ottawa_Com_DO_NOT_MODIFY","1703","Tommy_House_RT_DO_NOT_MODIFY","1703","PL_Opt_BLR_Original_TC_27","4919","","","25-PL_BuildPhase_Bid_Bedroom","","PL_Product_BLR_TC_27_B","PL_Style","","False","1.15","Down","1","EA","3554.0000","0.00","0.00","3554.0000"
"Ottawa_Com_DO_NOT_MODIFY","1703","Tommy_House_RT_DO_NOT_MODIFY","1703","PL_Opt_BLR_Original_TC_28","4920","","","25-PL_BuildPhase_Bid_Bedroom","","PL_Product_BLR_TC_28_A_Act_Sub","PL_Style","","False","1.15","Down","1","EA","2066.0000","309.90","-0.90","2375.0000"
"Ottawa_Com_DO_NOT_MODIFY","1703","Tommy_House_RT_DO_NOT_MODIFY","1703","PL_Opt_BLR_Original_TC_29","4923","","","25-PL_BuildPhase_Bid_Bedroom","","PL_Product_BLR_A_Con","PL_Style","","False","1.15","Down","1","EA","1029.0000","154.35","-0.35","1183.0000"
"Ottawa_Com_DO_NOT_MODIFY","1703","Tommy_House_RT_DO_NOT_MODIFY","1703","PL_Opt_BLR_Original_TC_3","4803","","","25-PL_BuildPhase_Bid_Bedroom","","PL_Product_BLR_TC_3_A_Act","PL_Style","","False","0.00","Std","","EA","1003.0000","0.00","0.00","1003.0000"
"Ottawa_Com_DO_NOT_MODIFY","1703","Tommy_House_RT_DO_NOT_MODIFY","1703","PL_Opt_BLR_Original_TC_30","4928","","","25-PL_BuildPhase_Bid_Bedroom","","PL_Product_BLR_TC_30_B","PL_Style","","False","1.15","Down","1","EA","3554.0000","0.00","0.00","3554.0000"
"Ottawa_Com_DO_NOT_MODIFY","1703","Tommy_House_RT_DO_NOT_MODIFY","1703","PL_Opt_BLR_Original_TC_32","4931","","","25-PL_BuildPhase_Bid_Bedroom","","PL_Product_BLR_TC_32_B","PL_Style","","False","1.15","Down","1","EA","1187.0000","0.00","0.00","1187.0000"
"Ottawa_Com_DO_NOT_MODIFY","1703","Tommy_House_RT_DO_NOT_MODIFY","1703","PL_Opt_BLR_Original_TC_33","4932","","","25-PL_BuildPhase_Bid_Bedroom","","PL_Product_BLR_TC_33_B_1","PL_Style","","False","1.15","Down","1","EA","2374.0000","0.00","0.00","2374.0000"
"Ottawa_Com_DO_NOT_MODIFY","1703","Tommy_House_RT_DO_NOT_MODIFY","1703","PL_Opt_BLR_Original_TC_35","4934","","","25-PL_BuildPhase_Bid_Bedroom","","PL_Product_BLR_TC_35_B","PL_Style","","False","1.15","Down","1","EA","6784.0000","0.00","0.00","6784.0000"
"Ottawa_Com_DO_NOT_MODIFY","1703","Tommy_House_RT_DO_NOT_MODIFY","1703","PL_Opt_BLR_Original_TC_36","4935","","","25-PL_BuildPhase_Bid_Bedroom","","PL_Product_BLR_TC_36_B","PL_Style","","False","1.15","Down","1","EA","8339.0000","0.00","0.00","8339.0000"
"Ottawa_Com_DO_NOT_MODIFY","1703","Tommy_House_RT_DO_NOT_MODIFY","1703","PL_Opt_BLR_Original_TC_37","4936","","","25-PL_BuildPhase_Bid_Bedroom","","PL_Product_BLR_TC_37_A_Act_Act_2","PL_Style","","False","1.15","Down","1","EA","1037.0000","155.55","-0.55","1192.0000"
"Ottawa_Com_DO_NOT_MODIFY","1703","Tommy_House_RT_DO_NOT_MODIFY","1703","PL_Opt_BLR_Original_TC_38","4939","","","25-PL_BuildPhase_Bid_Bedroom","","PL_Product_BLR_TC_38_A_Act","PL_Style","","False","1.15","Down","1","EA","1038.0000","155.70","-0.70","1193.0000"
"Ottawa_Com_DO_NOT_MODIFY","1703","Tommy_House_RT_DO_NOT_MODIFY","1703","PL_Opt_BLR_Original_TC_38","4939","","","25-PL_BuildPhase_Bid_Bedroom","","PL_Product_BLR_TC_38_B","PL_Style","","False","1.15","Down","1","EA","3778.0000","0.00","0.00","3778.0000"
"Ottawa_Com_DO_NOT_MODIFY","1703","Tommy_House_RT_DO_NOT_MODIFY","1703","PL_Opt_BLR_Original_TC_39","4941","","","25-PL_BuildPhase_Bid_Bedroom","","PL_Product_BLR_TC_39_B","PL_Style","","False","1.15","Down","1","EA","25088.0000","0.00","0.00","25088.0000"
"Ottawa_Com_DO_NOT_MODIFY","1703","Tommy_House_RT_DO_NOT_MODIFY","1703","PL_Opt_BLR_Original_TC_40","4942","","","25-PL_BuildPhase_Bid_Bedroom","","PL_Product_BLR_TC_40_B","PL_Style","","False","1.15","Down","1","EA","1196.0000","0.00","0.00","1196.0000"
"Ottawa_Com_DO_NOT_MODIFY","1703","Tommy_House_RT_DO_NOT_MODIFY","1703","PL_Opt_BLR_Original_TC_41","4944","","","25-PL_BuildPhase_Bid_Bedroom","","PL_Product_BLR_TC_41_B","PL_Style","","False","1.15","Down","1","EA","1197.0000","0.00","0.00","1197.0000"
"Ottawa_Com_DO_NOT_MODIFY","1703","Tommy_House_RT_DO_NOT_MODIFY","1703","PL_Opt_BLR_Original_TC_42","4950","","","25-PL_BuildPhase_Bid_Bedroom","","PL_Product_BLR_A_Con","PL_Style","","False","1.15","Down","1","EA","1042.0000","156.30","-0.30","1198.0000"
"Ottawa_Com_DO_NOT_MODIFY","1703","Tommy_House_RT_DO_NOT_MODIFY","1703","PL_Opt_BLR_Original_TC_43","4953","","","25-PL_BuildPhase_Bid_Bedroom","","PL_Product_BLR_TC_43_A_Act","PL_Style","","False","1.15","Down","1","EA","1043.0000","156.45","-0.45","1199.0000"
"Ottawa_Com_DO_NOT_MODIFY","1703","Tommy_House_RT_DO_NOT_MODIFY","1703","PL_Opt_BLR_Original_TC_43","4953","","","25-PL_BuildPhase_Bid_Bedroom","","PL_Product_BLR_TC_43_A_Act_Act_Sub","PL_Style","","False","1.15","Down","1","EA","2096.0000","314.40","-0.40","2410.0000"
"Ottawa_Com_DO_NOT_MODIFY","1703","Tommy_House_RT_DO_NOT_MODIFY","1703","PL_Opt_BLR_Original_TC_43","4953","","","25-PL_BuildPhase_Bid_Bedroom","","PL_Product_BLR_TC_43_A_Act_Act_Sub_Act_1","PL_Style","","False","1.15","Down","1","EA","2097.0000","314.55","-0.55","2411.0000"
"Ottawa_Com_DO_NOT_MODIFY","1703","Tommy_House_RT_DO_NOT_MODIFY","1703","PL_Opt_BLR_Original_TC_43","4953","","","25-PL_BuildPhase_Bid_Bedroom","","PL_Product_BLR_TC_43_A_Act_Act_Sub_Act_2","PL_Style","","False","1.15","Down","1","EA","2099.0000","314.85","-0.85","2413.0000"
"Ottawa_Com_DO_NOT_MODIFY","1703","Tommy_House_RT_DO_NOT_MODIFY","1703","PL_Opt_BLR_Original_TC_43","4953","","","25-PL_BuildPhase_Bid_Bedroom","","PL_Product_BLR_TC_43_A_Con","PL_Style","","False","1.15","Down","1","EA","1043.0000","156.45","-0.45","1199.0000"
"Ottawa_Com_DO_NOT_MODIFY","1703","Tommy_House_RT_DO_NOT_MODIFY","1703","PL_Opt_BLR_Original_TC_44","4959","","","25-PL_BuildPhase_Bid_Bedroom","","PL_Product_BLR_TC_44_B","PL_Style","","False","1.15","Down","1","EA","7204.0000","0.00","0.00","7204.0000"
"Ottawa_Com_DO_NOT_MODIFY","1703","Tommy_House_RT_DO_NOT_MODIFY","1703","PL_Opt_BLR_Original_TC_45_w_Custom_Opt","4954","","","25-PL_BuildPhase_Bid_Bedroom","","PL_Product_BLR_TC_45_A_Act_For_Job_Only_PBPA","PL_Style","","False","1.15","Down","1","EA","260.0000","0.00","0.00","260.0000"
"Ottawa_Com_DO_NOT_MODIFY","1703","Tommy_House_RT_DO_NOT_MODIFY","1703","PL_Opt_BLR_Original_TC_5","4805","","","25-PL_BuildPhase_Bid_Bedroom","","PL_Product_BLR_A_Con","PL_Style","","False","1.15","Down","1","EA","1005.0000","150.75","-0.75","1155.0000"
"Ottawa_Com_DO_NOT_MODIFY","1703","Tommy_House_RT_DO_NOT_MODIFY","1703","PL_Opt_BLR_Original_TC_55","5011","","","25-PL_BuildPhase_Bid_Bedroom","","PL_Product_BLR_TC_55_A_Act_1","PL_Style","","False","1.15","Down","1","EA","1055.0000","158.25","-0.25","1213.0000"
"Ottawa_Com_DO_NOT_MODIFY","1703","Tommy_House_RT_DO_NOT_MODIFY","1703","PL_Opt_BLR_Original_TC_55","5011","","","25-PL_BuildPhase_Bid_Bedroom","","PL_Product_BLR_TC_55_A_Act_2","PL_Style","","False","1.15","Down","1","EA","1055.0000","158.25","-0.25","1213.0000"
"Ottawa_Com_DO_NOT_MODIFY","1703","Tommy_House_RT_DO_NOT_MODIFY","1703","PL_Opt_BLR_Original_TC_55","5011","","","25-PL_BuildPhase_Bid_Bedroom","","PL_Product_BLR_TC_55_A_Act_3","PL_Style","","False","1.15","Down","1","EA","1055.0000","158.25","-0.25","1213.0000"
"Ottawa_Com_DO_NOT_MODIFY","1703","Tommy_House_RT_DO_NOT_MODIFY","1703","PL_Opt_BLR_Original_TC_55","5011","","","25-PL_BuildPhase_Bid_Bedroom","","PL_Product_BLR_TC_55_A_Act_4","PL_Style","","False","1.15","Down","1","EA","1055.0000","158.25","-0.25","1213.0000"
"Ottawa_Com_DO_NOT_MODIFY","1703","Tommy_House_RT_DO_NOT_MODIFY","1703","PL_Opt_BLR_Original_TC_56","5012","","","25-PL_BuildPhase_Bid_Bedroom","","PL_Product_BLR_TC_56_A_Act_1","PL_Style","","False","1.15","Down","1","EA","1056.0000","158.40","-0.40","1214.0000"
"Ottawa_Com_DO_NOT_MODIFY","1703","Tommy_House_RT_DO_NOT_MODIFY","1703","PL_Opt_BLR_Original_TC_56","5012","","","25-PL_BuildPhase_Bid_Bedroom","","PL_Product_BLR_TC_56_A_Act_2","PL_Style","","False","1.15","Down","1","EA","1056.0000","158.40","-0.40","1214.0000"
"Ottawa_Com_DO_NOT_MODIFY","1703","Tommy_House_RT_DO_NOT_MODIFY","1703","PL_Opt_BLR_Original_TC_56","5012","","","25-PL_BuildPhase_Bid_Bedroom","","PL_Product_BLR_TC_56_A_Act_3","PL_Style","","False","1.15","Down","1","EA","1056.0000","158.40","-0.40","1214.0000"
"Ottawa_Com_DO_NOT_MODIFY","1703","Tommy_House_RT_DO_NOT_MODIFY","1703","PL_Opt_BLR_Original_TC_56","5012","","","25-PL_BuildPhase_Bid_Bedroom","","PL_Product_BLR_TC_56_A_Act_4","PL_Style","","False","1.15","Down","1","EA","1056.0000","158.40","-0.40","1214.0000"
"Ottawa_Com_DO_NOT_MODIFY","1703","Tommy_House_RT_DO_NOT_MODIFY","1703","PL_Opt_BLR_Original_TC_57","4960","","","25-PL_BuildPhase_Bid_Bedroom","","PL_Product_BLR_TC_57_A_Act","PL_Style","","False","1.15","Down","1","EA","1114.0000","167.10","-0.10","1281.0000"
"Ottawa_Com_DO_NOT_MODIFY","1703","Tommy_House_RT_DO_NOT_MODIFY","1703","PL_Opt_BLR_Original_TC_60","4958","","","25-PL_BuildPhase_Bid_Bedroom","","PL_Product_BLR_TC_60_A_Act","PL_Style","","False","1.15","Down","1","EA","3180.6000","477.09","-0.69","3657.0000"
"Ottawa_Com_DO_NOT_MODIFY","1703","Tommy_House_RT_DO_NOT_MODIFY","1703","PL_Opt_BLR_Original_TC_61","4838","","","25-PL_BuildPhase_Bid_Bedroom","","PL_Product_BLR_A_Con","PL_Style","","False","1.15","Down","1","EA","1061.0000","159.15","-0.15","1220.0000"
"Ottawa_Com_DO_NOT_MODIFY","1703","Tommy_House_RT_DO_NOT_MODIFY","1703","PL_Opt_BLR_Original_TC_62","4842","","","25-PL_BuildPhase_Bid_Bedroom","","PL_Product_BLR_A_Con","PL_Style","","False","1.15","Down","1","EA","1062.0000","159.30","-0.30","1221.0000"
"Ottawa_Com_DO_NOT_MODIFY","1703","Tommy_House_RT_DO_NOT_MODIFY","1703","PL_Opt_BLR_Original_TC_62","4842","","","25-PL_BuildPhase_Bid_Bedroom","","PL_Product_BLR_TC_62_A_Act","PL_Style","","False","0.00","Std","","EA","4252.0000","0.00","0.00","4252.0000"
"Ottawa_Com_DO_NOT_MODIFY","1703","Tommy_House_RT_DO_NOT_MODIFY","1703","PL_Opt_BLR_Original_TC_63","4843","","","25-PL_BuildPhase_Bid_Bedroom","","PL_Product_BLR_TC_63_A_Act_1","PL_Style","","False","0.00","Std","","EA","2126.0000","0.00","0.00","2126.0000"
"Ottawa_Com_DO_NOT_MODIFY","1703","Tommy_House_RT_DO_NOT_MODIFY","1703","PL_Opt_BLR_Original_TC_7","4809","","","25-PL_BuildPhase_Bid_Bedroom","","PL_Product_BLR_TC_7_A_Act_SS","PL_Style","","False","0.00","Std","","EA","1007.0000","0.00","0.00","1007.0000"
"Ottawa_Com_DO_NOT_MODIFY","1703","Tommy_House_RT_DO_NOT_MODIFY","1703","PL_Opt_BLR_Original_TC_7","4809","","","25-PL_BuildPhase_Bid_Bedroom","","PL_Product_BLR_TC_7_A_Con_SS","PL_Style","","False","0.00","Std","","EA","1007.0000","0.00","0.00","1007.0000"
"Ottawa_Com_DO_NOT_MODIFY","1703","Tommy_House_RT_DO_NOT_MODIFY","1703","PL_Opt_BLR_Original_TC_9","4812","","","25-PL_BuildPhase_Bid_Bedroom","","PL_Product_BLR_A_Con","PL_Style","","False","1.15","Down","1","EA","1009.0000","151.35","-0.35","1160.0000"
"Ottawa_Com_DO_NOT_MODIFY","1703","Tommy_House_RT_DO_NOT_MODIFY","1703","PL_Opt_Child_1","4636","","Desc of Child_1","24-PL_BuildPhase_Garage","","PL_Product_Soil","PL_Style","","False","0.00","Up","1","","21.0000","0.00","0.00","21.0000"
"Ottawa_Com_DO_NOT_MODIFY","1703","Tommy_House_RT_DO_NOT_MODIFY","1703","PL_Opt_Child_1","4636","","Desc of Child_1","24-PL_BuildPhase_Garage","","PL_Product_Cement22","PL_Style","12345","False","1.10","Std","1","","-3.0000","-0.30","0.30","-3.0000"
"Ottawa_Com_DO_NOT_MODIFY","1703","Tommy_House_RT_DO_NOT_MODIFY","1703","PL_Opt_Child_1","4636","","Desc of Child_1","24-PL_BuildPhase_Garage","","PL_Product_Belong_Parent","PL_Style","","False","0.00","Up","1","","-5.0000","0.00","0.00","-5.0000"
"Ottawa_Com_DO_NOT_MODIFY","1703","Tommy_House_RT_DO_NOT_MODIFY","1703","PL_Opt_Child_1","4636","","Desc of Child_1","24-PL_BuildPhase_Garage","","PL_Product_Belong_Child_1","PL_Style","","False","0.00","Up","1","","61.0000","0.00","0.00","61.0000"
"Ottawa_Com_DO_NOT_MODIFY","1703","Tommy_House_RT_DO_NOT_MODIFY","1703","PL_Opt_Child_2","4637","","Desc of Child_2","24-PL_BuildPhase_Garage","","PL_Product_Soil_2","PL_Style","","False","0.00","Std","1","","22.0000","0.00","0.00","22.0000"
"Ottawa_Com_DO_NOT_MODIFY","1703","Tommy_House_RT_DO_NOT_MODIFY","1703","PL_Opt_Child_2","4637","","Desc of Child_2","24-PL_BuildPhase_Garage","","PL_Product_Cement22","PL_Style","12345","False","1.10","Std","1","","4.0000","0.40","-0.40","4.0000"
"Ottawa_Com_DO_NOT_MODIFY","1703","Tommy_House_RT_DO_NOT_MODIFY","1703","PL_Opt_Child_2","4637","","Desc of Child_2","24-PL_BuildPhase_Garage","","PL_Product_Belong_Parent","PL_Style","","False","0.00","Up","1","","7.0000","0.00","0.00","7.0000"
"Ottawa_Com_DO_NOT_MODIFY","1703","Tommy_House_RT_DO_NOT_MODIFY","1703","PL_Opt_Child_2","4637","","Desc of Child_2","24-PL_BuildPhase_Garage","","PL_Product_Belong_Child_2","PL_Style","","False","0.00","Up","1","","62.0000","0.00","0.00","62.0000"
"Ottawa_Com_DO_NOT_MODIFY","1703","Tommy_House_RT_DO_NOT_MODIFY","1703","PL_Opt_Global_Test","4639","","Desc for Global opt","25-PL_BuildPhase_Bid_Bedroom","","PL_Product_BLR_TC_45_A_Act_For_Job_Only_PBPA","PL_Style","","False","1.15","Down","1","EA","309.0000","0.00","0.00","309.0000"
"Ottawa_Com_DO_NOT_MODIFY","1703","Tommy_House_RT_DO_NOT_MODIFY","1703","PL_Opt_Global_Test","4639","(PL_Opt_Condition_1 or PL_Opt_Condition_2 or PL_Opt_Condition_3)","Desc for Global opt","24-PL_BuildPhase_Garage","","PL_Product_Condition_303","PL_Style","","False","0.00","Up","1","","303.0000","0.00","0.00","303.0000"
"Ottawa_Com_DO_NOT_MODIFY","1703","Tommy_House_RT_DO_NOT_MODIFY","1703","PL_Opt_Global_Test","4639","not (PL_Opt_Condition_1 or PL_Opt_Condition_2 or PL_Opt_Condition_3)","Desc for Global opt","24-PL_BuildPhase_Garage","","PL_Product_Condition_304","PL_Style","","False","0.00","Up","1","","304.0000","0.00","0.00","304.0000"
"Ottawa_Com_DO_NOT_MODIFY","1703","Tommy_House_RT_DO_NOT_MODIFY","1703","PL_Opt_Replacement_Mapping_From","4562","PL_Opt_Bid_Bedroom","","24-PL_BuildPhase_Garage","","PL_Product_For_Opt_Replacement_Mapping_1_From","PL_Style","","False","0.00","Std","","","101.0000","0.00","0.00","101.0000"
"Ottawa_Com_DO_NOT_MODIFY","1703","Tommy_House_RT_DO_NOT_MODIFY","1703","PL_Opt_Replacement_Mapping_From","4562","PL_Opt_Bid_Bedroom","","24-PL_BuildPhase_Garage","","PL_Product_For_Opt_Replacement_Mapping_2_From","PL_Style","","False","0.00","Std","","","102.0000","0.00","0.00","102.0000"
"Ottawa_Com_DO_NOT_MODIFY","1703","Tommy_House_RT_DO_NOT_MODIFY","1703","PL_Opt_Replacement_Mapping_To","4563","","","24-PL_BuildPhase_Garage","","PL_Product_For_Opt_Replacement_Mapping_1_To","PL_Style","","False","0.00","Std","","","105.0000","0.00","0.00","105.0000"
"Ottawa_Com_DO_NOT_MODIFY","1703","Tommy_House_RT_DO_NOT_MODIFY","1703","PL_Opt_Replacement_Mapping_To","4563","","","24-PL_BuildPhase_Garage","","PL_Product_For_Opt_Replacement_Mapping_2_To","PL_Style","","False","0.00","Std","","","106.0000","0.00","0.00","106.0000"
"Ottawa_Com_DO_NOT_MODIFY","1703","Tommy_House_RT_DO_NOT_MODIFY","1703","PL_Opt_RT","4646","","Desc for RT opt","24-PL_BuildPhase_Garage","","PL_Product_Belong_Child","PL_Style","","False","0.00","Up","1","","71.0000","0.00","0.00","71.0000"
"Ottawa_Com_DO_NOT_MODIFY","1703","Tommy_House_RT_DO_NOT_MODIFY","1703","PL_Opt_RT","4646","","Desc for RT opt","24-PL_BuildPhase_Garage","","PL_Product_Negative_Round_Up","PL_Style","","False","1.10","Up","1","EA","-17.0000","-1.70","-0.30","-19.0000"
"Ottawa_Com_DO_NOT_MODIFY","1703","Tommy_House_RT_DO_NOT_MODIFY","1703","PL_Opt_RT","4646","","Desc for RT opt","24-PL_BuildPhase_Garage","","PL_Product_SpecSets_2_Layer_To","PL_Style","","False","0.00","Std","","EA","46.0000","0.00","0.00","46.0000"
"Ottawa_Com_DO_NOT_MODIFY","1703","Tommy_House_RT_DO_NOT_MODIFY","1703","PL_Opt_RT","4646","","Desc for RT opt","29-PL_BuildPhase_Garage_29_BBPR_Original_Sub_BP","","PL_Product_BBPR_Sub_1_BP_Keep_29_BOM_Type","PL_Style","","False","0.00","Std","","EA","102.0000","0.00","0.00","102.0000"
"Ottawa_Com_DO_NOT_MODIFY","1703","Tommy_House_RT_DO_NOT_MODIFY","1703","PL_Opt_RT","4646","","Desc for RT opt","29-PL_BuildPhase_Garage_29_BBPR_Original_Sub_BP","","PL_Product_BBPR_Sub_1_BP_Keep_29_Static_Type","PL_Style","","False","0.00","Std","","EA","202.0000","0.00","0.00","202.0000"
"Ottawa_Com_DO_NOT_MODIFY","1703","Tommy_House_RT_DO_NOT_MODIFY","1703","PL_Opt_RT","4646","","Desc for RT opt","30-PL_BuildPhase_Garage_30_BBPR_New_Sub_BP","","PL_Product_BBPR_Sub_2_BP_Change_To_30_BOM_Type","PL_Style","","False","0.00","Std","","EA","102.0000","0.00","0.00","102.0000"
"Ottawa_Com_DO_NOT_MODIFY","1703","Tommy_House_RT_DO_NOT_MODIFY","1703","PL_Opt_RT","4646","","Desc for RT opt","30-PL_BuildPhase_Garage_30_BBPR_New_Sub_BP","","PL_Product_BBPR_Sub_2_BP_Change_To_30_Static_Type","PL_Style","","False","0.00","Std","","EA","202.0000","0.00","0.00","202.0000"
"Ottawa_Com_DO_NOT_MODIFY","1703","Tommy_House_RT_DO_NOT_MODIFY","1703","PL_Opt_RT_2","4647","","This is desc of RT_2 opt","24-PL_BuildPhase_Garage","","PL_Product_Cement22","PL_Style","12345","False","1.10","Std","1","","23.0000","2.30","-0.30","25.0000"
"Ottawa_Com_DO_NOT_MODIFY","1703","Tommy_House_RT_DO_NOT_MODIFY","1703","PL_Opt_RT_2","4647","","This is desc of RT_2 opt","24-PL_BuildPhase_Garage","","PL_Product_Belong_Child_3_House_Opt_Comm_Qty","PL_Style","","False","0.00","Std","","","121.0000","0.00","0.00","121.0000"
"Ottawa_Com_DO_NOT_MODIFY","1703","Tommy_House_RT_DO_NOT_MODIFY","1703","PL_Opt_RT_2","4647","","This is desc of RT_2 opt","24-PL_BuildPhase_Garage","","PL_Product_Belong_Child_4","PL_Style","","False","0.00","Std","","","63.0000","0.00","0.00","63.0000"
"Ottawa_Com_DO_NOT_MODIFY","1703","Tommy_House_RT_DO_NOT_MODIFY","1703","PL_Opt_RT_2","4647","","This is desc of RT_2 opt","24-PL_BuildPhase_Garage","","PL_Product_9_Assume_BP_Child_1","GENERIC","Des 1","False","0.00","Std","","AB","108.0000","0.00","0.00","108.0000"
"Ottawa_Com_DO_NOT_MODIFY","1703","Tommy_House_RT_DO_NOT_MODIFY","1703","PL_Opt_RT_2","4647","","This is desc of RT_2 opt","25-PL_BuildPhase_Bid_Bedroom","","PL_Product_Supplemental_Bed-2-person","PL_Style","","False","0.00","Std","","EA","57.0000","0.00","0.00","57.0000"
"Ottawa_Com_DO_NOT_MODIFY","1703","Tommy_House_RT_DO_NOT_MODIFY","1703","PL_Opt_RT_2","4647","","This is desc of RT_2 opt","25-PL_BuildPhase_Bid_Bedroom","","PL_Product_Belong_Child_2","PL_Style","","False","0.00","Up","1","","11.0000","0.00","0.00","11.0000"
"Ottawa_Com_DO_NOT_MODIFY","1703","Tommy_House_RT_DO_NOT_MODIFY","1703","PL_Opt_RT_2","4647","","This is desc of RT_2 opt","28-PL_BuildPhase_Garage_28_BBPR_Original_Product_BP","","PL_Product_8_Assume_BP_Parent","GENERIC","Des 1","False","0.00","Std","","AB","111.0000","0.00","0.00","111.0000"
"Ottawa_Com_DO_NOT_MODIFY","1703","Tommy_House_RT_DO_NOT_MODIFY","1703","PL_Opt_RT_2","4647","","This is desc of RT_2 opt","30-PL_BuildPhase_Garage_30_BBPR_New_Sub_BP","","PL_Product_9_BOM_BPR_Child_1","GENERIC","Des 1","False","0.00","Std","","AB","98.0000","0.00","0.00","98.0000"
"Ottawa_Com_DO_NOT_MODIFY","1703","Tommy_House_RT_DO_NOT_MODIFY","1703","PL_Opt_RT_2","4647","PL_Opt_RT","This is desc of RT_2 opt","24-PL_BuildPhase_Garage","","PL_Product_Sand_Subcomponent_Layer_2_Waste_Round","PL_Style","","False","1.10","Down","1","","45.0000","4.50","-0.50","49.0000"
"Ottawa_Com_DO_NOT_MODIFY","1703","Tommy_House_RT_DO_NOT_MODIFY","1703","PL_Opt_RT_2","4647","PL_Opt_RT and BASE","This is desc of RT_2 opt","24-PL_BuildPhase_Garage","","PL_Product_Sand_Subcomponent_Layer_2_Waste_Round","PL_Style","","False","1.10","Down","1","","52.0000","5.20","-0.20","57.0000"
"Ottawa_Com_DO_NOT_MODIFY","1703","Tommy_House_RT_DO_NOT_MODIFY","1703","PL_Opt_RT_3","4644","","","24-PL_BuildPhase_Garage","","PL_Product_Condition_101","PL_Style","","False","0.00","Up","1","","10101.0000","0.00","0.00","10101.0000"
"Ottawa_Com_DO_NOT_MODIFY","1703","Tommy_House_RT_DO_NOT_MODIFY","1703","PL_Opt_RT_3","4644","","","24-PL_BuildPhase_Garage","","PL_Product_Archive_3_1_House","PL_Style","","False","0.00","Std","","EA","81.0000","0.00","0.00","81.0000"
"Ottawa_Com_DO_NOT_MODIFY","1703","Tommy_House_RT_DO_NOT_MODIFY","1703","PL_Opt_RT_3","4644","","","24-PL_BuildPhase_Garage","","PL_Product_Archive_3_2_House","PL_Style","","False","0.00","Std","","EA","82.0000","0.00","0.00","82.0000"
"Ottawa_Com_DO_NOT_MODIFY","1703","Tommy_House_RT_DO_NOT_MODIFY","1703","PL_Opt_RT_3","4644","","","24-PL_BuildPhase_Garage","","PL_Product_Archive_3_3_House","PL_Style","","False","0.00","Std","","EA","83.0000","0.00","0.00","83.0000"
"Ottawa_Com_DO_NOT_MODIFY","1703","Tommy_House_RT_DO_NOT_MODIFY","1703","PL_Opt_RT_3","4644","( not ((PL_Opt_Condition_1 or PL_Opt_Condition_2) or (PL_Opt_Condition_3 or PL_Opt_Condition_4)))","","24-PL_BuildPhase_Garage","","PL_Product_Condition_130","PL_Style","","False","0.00","Up","1","","10130.0000","0.00","0.00","10130.0000"
"Ottawa_Com_DO_NOT_MODIFY","1703","Tommy_House_RT_DO_NOT_MODIFY","1703","PL_Opt_RT_3","4644","( not ((PL_Opt_Condition_1 or PL_Opt_Condition_2) or PL_Opt_Condition_3))","","24-PL_BuildPhase_Garage","","PL_Product_Condition_108","PL_Style","","False","0.00","Up","1","","10108.0000","0.00","0.00","10108.0000"
"Ottawa_Com_DO_NOT_MODIFY","1703","Tommy_House_RT_DO_NOT_MODIFY","1703","PL_Opt_RT_3","4644","((PL_Opt_RT))","","24-PL_BuildPhase_Garage","","PL_Product_Condition_104","PL_Style","","False","0.00","Up","1","","10104.0000","0.00","0.00","10104.0000"
"Ottawa_Com_DO_NOT_MODIFY","1703","Tommy_House_RT_DO_NOT_MODIFY","1703","PL_Opt_RT_3","4644","(not (PL_Opt_Condition_1 or PL_Opt_Condition_2 or PL_Opt_Condition_3 or ABCXYZ))","","24-PL_BuildPhase_Garage","","PL_Product_Condition_124","PL_Style","","False","0.00","Up","1","","10124.0000","0.00","0.00","10124.0000"
"Ottawa_Com_DO_NOT_MODIFY","1703","Tommy_House_RT_DO_NOT_MODIFY","1703","PL_Opt_RT_3","4644","(PL_Opt_RT or PL_Opt_Condition_1) and PL_Opt_RT_2 and not PL_Opt_RT_3","","24-PL_BuildPhase_Garage","","PL_Product_Condition_126","PL_Style","","False","0.00","Up","1","","10126.0000","0.00","0.00","10126.0000"
"Ottawa_Com_DO_NOT_MODIFY","1703","Tommy_House_RT_DO_NOT_MODIFY","1703","PL_Opt_RT_3","4644","(PL_Opt_RT)","","24-PL_BuildPhase_Garage","","PL_Product_Condition_103","PL_Style","","False","0.00","Up","1","","10103.0000","0.00","0.00","10103.0000"
"Ottawa_Com_DO_NOT_MODIFY","1703","Tommy_House_RT_DO_NOT_MODIFY","1703","PL_Opt_RT_3","4644","(PL_Opt_RT_2 or PL_Opt_Condition_2) and (PL_Opt_RT_3 or PL_Opt_Condition_3)","","24-PL_BuildPhase_Garage","","PL_Product_Condition_132","PL_Style","","False","0.00","Up","1","","10132.0000","0.00","0.00","10132.0000"
"Ottawa_Com_DO_NOT_MODIFY","1703","Tommy_House_RT_DO_NOT_MODIFY","1703","PL_Opt_RT_3","4644","(PL_Opt_RT_2 or PL_Opt_Condition_2) and not (PL_Opt_RT_3 or PL_Opt_Condition_3)","","24-PL_BuildPhase_Garage","","PL_Product_Condition_133","PL_Style","","False","0.00","Up","1","","10133.0000","0.00","0.00","10133.0000"
"Ottawa_Com_DO_NOT_MODIFY","1703","Tommy_House_RT_DO_NOT_MODIFY","1703","PL_Opt_RT_3","4644","(PL_Opt_RT_2 or PL_Opt_Condition_2) and PL_Opt_Condition_3","","24-PL_BuildPhase_Garage","","PL_Product_Condition_142","PL_Style","","False","0.00","Up","1","","10142.0000","0.00","0.00","10142.0000"
"Ottawa_Com_DO_NOT_MODIFY","1703","Tommy_House_RT_DO_NOT_MODIFY","1703","PL_Opt_RT_3","4644","(PL_Opt_RT_2) or (PL_Opt_Condition_2 and PL_Opt_Condition_3)","","24-PL_BuildPhase_Garage","","PL_Product_Condition_138","PL_Style","","False","0.00","Up","1","","10138.0000","0.00","0.00","10138.0000"
"Ottawa_Com_DO_NOT_MODIFY","1703","Tommy_House_RT_DO_NOT_MODIFY","1703","PL_Opt_RT_3","4644","(PL_Opt_RT_2)or(PL_Opt_Condition_2 and PL_Opt_Condition_3)","","24-PL_BuildPhase_Garage","","PL_Product_Condition_145","PL_Style","","False","0.00","Up","1","","10145.0000","0.00","0.00","10145.0000"
"Ottawa_Com_DO_NOT_MODIFY","1703","Tommy_House_RT_DO_NOT_MODIFY","1703","PL_Opt_RT_3","4644","And_PL_Opt_RT_7","","24-PL_BuildPhase_Garage","","PL_Product_Condition_156","PL_Style","","False","0.00","Up","1","","10156.0000","0.00","0.00","10156.0000"
"Ottawa_Com_DO_NOT_MODIFY","1703","Tommy_House_RT_DO_NOT_MODIFY","1703","PL_Opt_RT_3","4644","not ( PL_Opt_Condition_1 or PL_Opt_Condition_2 or PL_Opt_Condition_3 )","","24-PL_BuildPhase_Garage","","PL_Product_Condition_137","PL_Style","","False","0.00","Up","1","","10137.0000","0.00","0.00","10137.0000"
"Ottawa_Com_DO_NOT_MODIFY","1703","Tommy_House_RT_DO_NOT_MODIFY","1703","PL_Opt_RT_3","4644","not ( PL_Opt_Condition_1 or PL_Opt_Condition_2 or PL_Opt_Condition_3 )","","24-PL_BuildPhase_Garage","","PL_Product_Condition_140","PL_Style","","False","0.00","Up","1","","10140.0000","0.00","0.00","10140.0000"
"Ottawa_Com_DO_NOT_MODIFY","1703","Tommy_House_RT_DO_NOT_MODIFY","1703","PL_Opt_RT_3","4644","not ((PL_Opt_Condition_1 or PL_Opt_RT) and not (PL_Opt_RT or PL_Opt_Condition_2))","","24-PL_BuildPhase_Garage","","PL_Product_Condition_123","PL_Style","","False","0.00","Up","1","","10123.0000","0.00","0.00","10123.0000"
"Ottawa_Com_DO_NOT_MODIFY","1703","Tommy_House_RT_DO_NOT_MODIFY","1703","PL_Opt_RT_3","4644","not ((PL_Opt_RT_2 or PL_Opt_Condition_1) or PL_Opt_Condition_2)","","24-PL_BuildPhase_Garage","","PL_Product_Condition_121","PL_Style","","False","0.00","Up","1","","10121.0000","0.00","0.00","10121.0000"
"Ottawa_Com_DO_NOT_MODIFY","1703","Tommy_House_RT_DO_NOT_MODIFY","1703","PL_Opt_RT_3","4644","not (PL_Opt_Condition_1 or (PL_Opt_Condition_2 or PL_Opt_Condition_3))","","24-PL_BuildPhase_Garage","","PL_Product_Condition_107","PL_Style","","False","0.00","Up","1","","10107.0000","0.00","0.00","10107.0000"
"Ottawa_Com_DO_NOT_MODIFY","1703","Tommy_House_RT_DO_NOT_MODIFY","1703","PL_Opt_RT_3","4644","not (PL_Opt_Condition_1 or PL_Opt_Condition_2 or PL_Opt_RT_2)","","24-PL_BuildPhase_Garage","","PL_Product_Condition_120","PL_Style","","False","0.00","Up","1","","10120.0000","0.00","0.00","10120.0000"
"Ottawa_Com_DO_NOT_MODIFY","1703","Tommy_House_RT_DO_NOT_MODIFY","1703","PL_Opt_RT_3","4644","not (PL_Opt_Condition_2 or PL_Opt_RT_2)","","24-PL_BuildPhase_Garage","","PL_Product_Condition_119","PL_Style","","False","0.00","Up","1","","10119.0000","0.00","0.00","10119.0000"
"Ottawa_Com_DO_NOT_MODIFY","1703","Tommy_House_RT_DO_NOT_MODIFY","1703","PL_Opt_RT_3","4644","not (PL_Opt_RT_2 or (PL_Opt_Condition_2 or PL_Opt_Condition_1))","","24-PL_BuildPhase_Garage","","PL_Product_Condition_122","PL_Style","","False","0.00","Up","1","","10122.0000","0.00","0.00","10122.0000"
"Ottawa_Com_DO_NOT_MODIFY","1703","Tommy_House_RT_DO_NOT_MODIFY","1703","PL_Opt_RT_3","4644","not (PL_Opt_RT_2 or (PL_Opt_RT_3 or PL_Opt_RT_4))","","24-PL_BuildPhase_Garage","","PL_Product_Condition_113","PL_Style","","False","0.00","Up","1","","10113.0000","0.00","0.00","10113.0000"
"Ottawa_Com_DO_NOT_MODIFY","1703","Tommy_House_RT_DO_NOT_MODIFY","1703","PL_Opt_RT_3","4644","not (PL_Opt_RT_2 or PL_Opt_Condition_2)","","24-PL_BuildPhase_Garage","","PL_Product_Condition_118","PL_Style","","False","0.00","Up","1","","10118.0000","0.00","0.00","10118.0000"
"Ottawa_Com_DO_NOT_MODIFY","1703","Tommy_House_RT_DO_NOT_MODIFY","1703","PL_Opt_RT_3","4644","not (PL_Opt_RT_2 or PL_Opt_RT_3)","","24-PL_BuildPhase_Garage","","PL_Product_Condition_112","PL_Style","","False","0.00","Up","1","","10112.0000","0.00","0.00","10112.0000"
"Ottawa_Com_DO_NOT_MODIFY","1703","Tommy_House_RT_DO_NOT_MODIFY","1703","PL_Opt_RT_3","4644","not ABCXYZ","","24-PL_BuildPhase_Garage","","PL_Product_Condition_109","PL_Style","","False","0.00","Up","1","","10109.0000","0.00","0.00","10109.0000"
"Ottawa_Com_DO_NOT_MODIFY","1703","Tommy_House_RT_DO_NOT_MODIFY","1703","PL_Opt_RT_3","4644","not PL_Opt_Condition_1","","24-PL_BuildPhase_Garage","","PL_Product_Condition_106","PL_Style","","False","0.00","Up","1","","10106.0000","0.00","0.00","10106.0000"
"Ottawa_Com_DO_NOT_MODIFY","1703","Tommy_House_RT_DO_NOT_MODIFY","1703","PL_Opt_RT_3","4644","not PL_Opt_Condition_1 not PL_Opt_RT_1","","24-PL_BuildPhase_Garage","","PL_Product_Condition_151","PL_Style","","False","0.00","Up","1","","10151.0000","0.00","0.00","10151.0000"
"Ottawa_Com_DO_NOT_MODIFY","1703","Tommy_House_RT_DO_NOT_MODIFY","1703","PL_Opt_RT_3","4644","not( PL_Opt_Condition_1 or PL_Opt_Condition_2 or PL_Opt_Condition_3 )","","24-PL_BuildPhase_Garage","","PL_Product_Condition_144","PL_Style","","False","0.00","Up","1","","10144.0000","0.00","0.00","10144.0000"
"Ottawa_Com_DO_NOT_MODIFY","1703","Tommy_House_RT_DO_NOT_MODIFY","1703","PL_Opt_RT_3","4644","Not_PL_Opt_RT_6","","24-PL_BuildPhase_Garage","","PL_Product_Condition_153","PL_Style","","False","0.00","Up","1","","10153.0000","0.00","0.00","10153.0000"
"Ottawa_Com_DO_NOT_MODIFY","1703","Tommy_House_RT_DO_NOT_MODIFY","1703","PL_Opt_RT_3","4644","Or_PL_Opt_RT_8","","24-PL_BuildPhase_Garage","","PL_Product_Condition_159","PL_Style","","False","0.00","Up","1","","10159.0000","0.00","0.00","10159.0000"
"Ottawa_Com_DO_NOT_MODIFY","1703","Tommy_House_RT_DO_NOT_MODIFY","1703","PL_Opt_RT_3","4644","PL_Opt_And_RT_7","","24-PL_BuildPhase_Garage","","PL_Product_Condition_155","PL_Style","","False","0.00","Up","1","","10155.0000","0.00","0.00","10155.0000"
"Ottawa_Com_DO_NOT_MODIFY","1703","Tommy_House_RT_DO_NOT_MODIFY","1703","PL_Opt_RT_3","4644","PL_Opt_Condition_1 and (not PL_Opt_Condition_2)","","24-PL_BuildPhase_Garage","","PL_Product_Condition_116","PL_Style","","False","0.00","Up","1","","10116.0000","0.00","0.00","10116.0000"
"Ottawa_Com_DO_NOT_MODIFY","1703","Tommy_House_RT_DO_NOT_MODIFY","1703","PL_Opt_RT_3","4644","PL_Opt_Condition_1 and not PL_Opt_RT_2 or PL_Opt_RT_3 and not PL_Opt_Condition_2","","24-PL_BuildPhase_Garage","","PL_Product_Condition_131","PL_Style","","False","0.00","Up","1","","10131.0000","0.00","0.00","10131.0000"
"Ottawa_Com_DO_NOT_MODIFY","1703","Tommy_House_RT_DO_NOT_MODIFY","1703","PL_Opt_RT_3","4644","PL_Opt_Condition_1 and PL_Opt_Condition_2","","24-PL_BuildPhase_Garage","","PL_Product_Condition_105","PL_Style","","False","0.00","Up","1","","10105.0000","0.00","0.00","10105.0000"
"Ottawa_Com_DO_NOT_MODIFY","1703","Tommy_House_RT_DO_NOT_MODIFY","1703","PL_Opt_RT_3","4644","PL_Opt_Condition_1 and PL_Opt_Condition_2 and PL_Opt_Condition_3 and PL_Opt_RT","","24-PL_BuildPhase_Garage","","PL_Product_Condition_128","PL_Style","","False","0.00","Up","1","","10128.0000","0.00","0.00","10128.0000"
"Ottawa_Com_DO_NOT_MODIFY","1703","Tommy_House_RT_DO_NOT_MODIFY","1703","PL_Opt_RT_3","4644","PL_Opt_Condition_1 or (not PL_Opt_Condition_2)","","24-PL_BuildPhase_Garage","","PL_Product_Condition_117","PL_Style","","False","0.00","Up","1","","10117.0000","0.00","0.00","10117.0000"
"Ottawa_Com_DO_NOT_MODIFY","1703","Tommy_House_RT_DO_NOT_MODIFY","1703","PL_Opt_RT_3","4644","PL_Opt_Condition_1 or PL_Opt_RT_2 and not (PL_Opt_Condition_2 or PL_Opt_Condition_3)","","24-PL_BuildPhase_Garage","","PL_Product_Condition_129","PL_Style","","False","0.00","Up","1","","10129.0000","0.00","0.00","10129.0000"
"Ottawa_Com_DO_NOT_MODIFY","1703","Tommy_House_RT_DO_NOT_MODIFY","1703","PL_Opt_RT_3","4644","PL_Opt_Condition_2 and PL_Opt_RT_2","","24-PL_BuildPhase_Garage","","PL_Product_Condition_114","PL_Style","","False","0.00","Up","1","","10114.0000","0.00","0.00","10114.0000"
"Ottawa_Com_DO_NOT_MODIFY","1703","Tommy_House_RT_DO_NOT_MODIFY","1703","PL_Opt_RT_3","4644","PL_Opt_Condition_2 or PL_Opt_RT_2","","24-PL_BuildPhase_Garage","","PL_Product_Condition_115","PL_Style","","False","0.00","Up","1","","10115.0000","0.00","0.00","10115.0000"
"Ottawa_Com_DO_NOT_MODIFY","1703","Tommy_House_RT_DO_NOT_MODIFY","1703","PL_Opt_RT_3","4644","PL_Opt_Not_RT_6","","24-PL_BuildPhase_Garage","","PL_Product_Condition_152","PL_Style","","False","0.00","Up","1","","10152.0000","0.00","0.00","10152.0000"
"Ottawa_Com_DO_NOT_MODIFY","1703","Tommy_House_RT_DO_NOT_MODIFY","1703","PL_Opt_RT_3","4644","PL_Opt_Or_RT_8","","24-PL_BuildPhase_Garage","","PL_Product_Condition_158","PL_Style","","False","0.00","Up","1","","10158.0000","0.00","0.00","10158.0000"
"Ottawa_Com_DO_NOT_MODIFY","1703","Tommy_House_RT_DO_NOT_MODIFY","1703","PL_Opt_RT_3","4644","PL_Opt_RT","","24-PL_BuildPhase_Garage","","PL_Product_Condition_102","PL_Style","","False","0.00","Up","1","","10102.0000","0.00","0.00","10102.0000"
"Ottawa_Com_DO_NOT_MODIFY","1703","Tommy_House_RT_DO_NOT_MODIFY","1703","PL_Opt_RT_3","4644","PL_Opt_RT and PL_Opt_RT_2 and PL_Opt_RT_3 and PL_Opt_RT_4","","24-PL_BuildPhase_Garage","","PL_Product_Condition_147","PL_Style","","False","0.00","Up","1","","10147.0000","0.00","0.00","10147.0000"
"Ottawa_Com_DO_NOT_MODIFY","1703","Tommy_House_RT_DO_NOT_MODIFY","1703","PL_Opt_RT_3","4644","PL_Opt_RT_2","","24-PL_BuildPhase_Garage","","PL_Product_Condition_111","PL_Style","","False","0.00","Up","1","","10111.0000","0.00","0.00","10111.0000"
"Ottawa_Com_DO_NOT_MODIFY","1703","Tommy_House_RT_DO_NOT_MODIFY","1703","PL_Opt_RT_3","4644","PL_Opt_RT_2 and (PL_Opt_Condition_1 or (PL_Opt_RT_3 and not PL_Opt_Condition_2))","","24-PL_BuildPhase_Garage","","PL_Product_Condition_127_SpecSet_To","PL_Style","","False","0.00","Up","1","","10127.0000","0.00","0.00","10127.0000"
"Ottawa_Com_DO_NOT_MODIFY","1703","Tommy_House_RT_DO_NOT_MODIFY","1703","PL_Opt_RT_3","4644","PL_Opt_RT_2 and (PL_Opt_Condition_2 or PL_Opt_Condition_3)","","24-PL_BuildPhase_Garage","","PL_Product_Condition_146","PL_Style","","False","0.00","Up","1","","10146.0000","0.00","0.00","10146.0000"
"Ottawa_Com_DO_NOT_MODIFY","1703","Tommy_House_RT_DO_NOT_MODIFY","1703","PL_Opt_RT_3","4644","PL_Opt_RT_2 and (PL_Opt_Condition_2 or PL_Opt_RT_3)","","24-PL_BuildPhase_Garage","","PL_Product_Condition_125_Subcomponent","PL_Style","","False","0.00","Up","1","","10125.0000","0.00","0.00","10125.0000"
"Ottawa_Com_DO_NOT_MODIFY","1703","Tommy_House_RT_DO_NOT_MODIFY","1703","PL_Opt_RT_3","4644","PL_Opt_RT_2 and not (PL_Opt_Condition_2 or PL_Opt_Condition_3)","","24-PL_BuildPhase_Garage","","PL_Product_Condition_149","PL_Style","","False","0.00","Up","1","","10149.0000","0.00","0.00","10149.0000"
"Ottawa_Com_DO_NOT_MODIFY","1703","Tommy_House_RT_DO_NOT_MODIFY","1703","PL_Opt_RT_3","4644","PL_Opt_RT_2 and not (PL_Opt_RT_3 or PL_Opt_Condition_3)","","24-PL_BuildPhase_Garage","","PL_Product_Condition_148","PL_Style","","False","0.00","Up","1","","10148.0000","0.00","0.00","10148.0000"
"Ottawa_Com_DO_NOT_MODIFY","1703","Tommy_House_RT_DO_NOT_MODIFY","1703","PL_Opt_RT_3","4644","PL_Opt_RT_2 and not PL_Opt_Condition_1 and not PL_Opt_Condition_2 and not PL_Opt_Condition_3","","24-PL_BuildPhase_Garage","","PL_Product_Condition_136","PL_Style","","False","0.00","Up","1","","10136.0000","0.00","0.00","10136.0000"
"Ottawa_Com_DO_NOT_MODIFY","1703","Tommy_House_RT_DO_NOT_MODIFY","1703","PL_Opt_RT_3","4644","PL_Opt_RT_2 and not PL_Opt_Condition_1 and PL_Opt_Condition_2 or not PL_Opt_Condition_3","","24-PL_BuildPhase_Garage","","PL_Product_Condition_134","PL_Style","","False","0.00","Up","1","","10134.0000","0.00","0.00","10134.0000"
"Ottawa_Com_DO_NOT_MODIFY","1703","Tommy_House_RT_DO_NOT_MODIFY","1703","PL_Opt_RT_3","4644","PL_Opt_RT_2 and not(PL_Opt_Condition_1) and( not PL_Opt_Condition_2 and not PL_Opt_Condition_3 ) and ( PL_Opt_RT_2 and PL_Opt_RT_3 and PL_Opt_RT_4 )","","24-PL_BuildPhase_Garage","","PL_Product_Condition_139","PL_Style","","False","0.00","Up","1","","10139.0000","0.00","0.00","10139.0000"
"Ottawa_Com_DO_NOT_MODIFY","1703","Tommy_House_RT_DO_NOT_MODIFY","1703","PL_Opt_RT_3","4644","PL_Opt_RT_2 and not(PL_Opt_Condition_1)and( not PL_Opt_Condition_2 and not PL_Opt_Condition_3 ) and ( PL_Opt_RT_2 and PL_Opt_RT_3 and PL_Opt_RT_4 )","","24-PL_BuildPhase_Garage","","PL_Product_Condition_143","PL_Style","","False","0.00","Up","1","","10143.0000","0.00","0.00","10143.0000"
"Ottawa_Com_DO_NOT_MODIFY","1703","Tommy_House_RT_DO_NOT_MODIFY","1703","PL_Opt_RT_3","4644","PL_Opt_RT_2 or (PL_Opt_Condition_2 and PL_Opt_Condition_3)","","24-PL_BuildPhase_Garage","","PL_Product_Condition_150","PL_Style","","False","0.00","Up","1","","10150.0000","0.00","0.00","10150.0000"
"Ottawa_Com_DO_NOT_MODIFY","1703","Tommy_House_RT_DO_NOT_MODIFY","1703","PL_Opt_RT_3","4644","PL_Opt_RT_2 or not PL_Opt_Condition_1 or not PL_Opt_Condition_2","","24-PL_BuildPhase_Garage","","PL_Product_Condition_135","PL_Style","","False","0.00","Up","1","","10135.0000","0.00","0.00","10135.0000"
"Ottawa_Com_DO_NOT_MODIFY","1703","Tommy_House_RT_DO_NOT_MODIFY","1703","PL_Opt_RT_3","4644","PL_Opt_RT_2 or PL_Opt_Condition_2 and PL_Opt_Condition_3","","24-PL_BuildPhase_Garage","","PL_Product_Condition_141","PL_Style","","False","0.00","Up","1","","10141.0000","0.00","0.00","10141.0000"
"Ottawa_Com_DO_NOT_MODIFY","1703","Tommy_House_RT_DO_NOT_MODIFY","1703","PL_Opt_RT_3","4644","PL_Opt_RT_2 or PL_Opt_RT_3","","24-PL_BuildPhase_Garage","","PL_Product_Condition_110","PL_Style","","False","0.00","Up","1","","10110.0000","0.00","0.00","10110.0000"
"Ottawa_Com_DO_NOT_MODIFY","1703","Tommy_House_RT_DO_NOT_MODIFY","1703","PL_Opt_RT_3","4644","PL_Opt_RT_6_Not","","24-PL_BuildPhase_Garage","","PL_Product_Condition_154","PL_Style","","False","0.00","Up","1","","10154.0000","0.00","0.00","10154.0000"
"Ottawa_Com_DO_NOT_MODIFY","1703","Tommy_House_RT_DO_NOT_MODIFY","1703","PL_Opt_RT_3","4644","PL_Opt_RT_7_And","","24-PL_BuildPhase_Garage","","PL_Product_Condition_157","PL_Style","","False","0.00","Up","1","","10157.0000","0.00","0.00","10157.0000"
"Ottawa_Com_DO_NOT_MODIFY","1703","Tommy_House_RT_DO_NOT_MODIFY","1703","PL_Opt_RT_3","4644","PL_Opt_RT_8_Or","","24-PL_BuildPhase_Garage","","PL_Product_Condition_160","PL_Style","","False","0.00","Up","1","","10160.0000","0.00","0.00","10160.0000"
"Ottawa_Com_DO_NOT_MODIFY","1703","Tommy_House_RT_DO_NOT_MODIFY","1703","PL_Opt_RT_4","4648","","","24-PL_BuildPhase_Garage","","PL_Product_Job_Orientation_1_L","PL_Style","","False","0.00","Std","","EA","111.0000","0.00","0.00","111.0000"
"Ottawa_Com_DO_NOT_MODIFY","1703","Tommy_House_RT_DO_NOT_MODIFY","1703","PL_Opt_RT_4","4648","","","24-PL_BuildPhase_Garage","","PL_Product_Job_Orientation_2_L","PL_Style","","False","0.00","Std","","EA","112.0000","0.00","0.00","112.0000"
"Ottawa_Com_DO_NOT_MODIFY","1703","Tommy_House_RT_DO_NOT_MODIFY","1703","PL_Opt_RT_4","4648","","","27-PL_BuildPhase_BID_Supplemental_Qualifier_27","","PL_Product_Supplemental_BID","BID","","False","0.00","Std","","EA","42.0000","0.00","0.00","42.0000"
"Ottawa_Com_DO_NOT_MODIFY","1703","Tommy_House_RT_DO_NOT_MODIFY","1703","PL_Opt_RT_4","4648","","","27-PL_BuildPhase_BID_Supplemental_Qualifier_27","","PL_Product_Supplemental_BID_Following_3_No_Supp","PL_Style","","False","0.00","Std","","EA","16.0000","0.00","0.00","16.0000"
"Ottawa_Com_DO_NOT_MODIFY","1703","Tommy_House_RT_DO_NOT_MODIFY","1703","PL_Opt_RT_4","4648","PL_Opt_RT_3","","24-PL_BuildPhase_Garage","","PL_Product_Belong_Child_817_KM_Subcomponent_To","PL_Style","","False","0.00","Std","","","34.0000","0.00","0.00","34.0000"
"Ottawa_Com_DO_NOT_MODIFY","1703","Tommy_House_RT_DO_NOT_MODIFY","1703","PL_Opt_RT_4","4648","PL_Opt_RT_3","","24-PL_BuildPhase_Garage","","PL_Product_Orientation_1_From","PL_Style","","False","0.00","Std","","EA","35.0000","0.00","0.00","35.0000"
"Ottawa_Com_DO_NOT_MODIFY","1703","Tommy_House_RT_DO_NOT_MODIFY","1703","PL_Opt_RT_4","4648","PL_Opt_RT_3","","24-PL_BuildPhase_Garage","","PL_Product_SpecSets_1_Layer_To","PL_Style","","False","0.00","Std","","EA","36.0000","0.00","0.00","36.0000"
"Ottawa_Com_DO_NOT_MODIFY","1703","Tommy_House_RT_DO_NOT_MODIFY","1703","PL_Opt_RT_4","4648","PL_Opt_RT_3","","24-PL_BuildPhase_Garage","","PL_Product_Sand_Subcomponent_Layer_2_Waste_Round","PL_Style","","False","1.10","Down","1","","241.0000","24.10","-0.10","265.0000"
"Ottawa_Com_DO_NOT_MODIFY","1703","Tommy_House_RT_DO_NOT_MODIFY","1703","PL_Opt_RT_4","4648","","","25-PL_BuildPhase_Bid_Bedroom","","PL_Product_Supplemental_Bed-2-person","PL_Style","","True","0.00","Std","","EA","41.0000","0.00","0.00","41.0000"
"Ottawa_Com_DO_NOT_MODIFY","1703","Tommy_House_RT_DO_NOT_MODIFY","1703","PL_Opt_Sub_1_Layer","4564","","","25-PL_BuildPhase_Bid_Bedroom","","PL_Product_Cabinet","GENERIC","","False","0.00","Std","","","72.0000","0.00","0.00","72.0000"
"Ottawa_Com_DO_NOT_MODIFY","1703","Tommy_House_RT_DO_NOT_MODIFY","1703","PL_Opt_Sub_1_Layer","4564","BASE","","25-PL_BuildPhase_Bid_Bedroom","","PL_Product_Cabinet","GENERIC","","False","0.00","Std","","","81.0000","0.00","0.00","81.0000"
"Ottawa_Com_DO_NOT_MODIFY","1703","Tommy_House_RT_DO_NOT_MODIFY","1703","PL_Opt_Sub_1_Layer","4564","PL_Opt_RT","","25-PL_BuildPhase_Bid_Bedroom","","PL_Product_Cabinet","GENERIC","","False","0.00","Std","","","266.0000","0.00","0.00","266.0000"
