Building Phase Code,Product Name,Category Name,Description,SKU,Notes,Manufacturer,Style,Code,Unit,Waste,Rounding Unit,Rounding Direction,Default Building Phase,Tax Status,Supplemental to Bid,Projected Cost,Reverse Product
25,PL_Product_Cabinet,,,,,GENERIC,GENERIC,,,0,,STANDARD,default,Phase,FALSE,0,
24,PL_Product_1,,Des 1,,,GENERIC,GENERIC,,AB,0,,STANDARD,default,Phase,FALSE,0,
25,PL_Product_1,,Des 1,,,GENERIC,GENERIC,,AB,0,,STANDARD,,Phase,FALSE,0,
24,PL_Product_10,,Des 1,,,GENERIC,GENERIC,,AB,0,,STANDARD,default,Phase,FALSE,0,
24,PL_Product_2,,Des 1,,,GENERIC,GENERIC,,AB,0,,STANDARD,default,Phase,FALSE,0,
25,PL_Product_2,,Des 1,,,GENERIC,GENERIC,,AB,0,,STANDARD,,Phase,FALSE,0,
24,PL_Product_3,,Des 1,,,GENERIC,GENERIC,,AB,0,,STANDARD,default,Phase,FALSE,0,
25,PL_Product_3,,Des 1,,,GENERIC,GENERIC,,AB,0,,STANDARD,,Phase,FALSE,0,
24,PL_Product_4,,Per Pair,,,GENERIC,GENERIC,,EA,0,,STANDARD,default,Phase,FALSE,0,
25,PL_Product_4,,Per Pair,,,GENERIC,GENERIC,,EA,0,,STANDARD,,Phase,FALSE,0,
24,PL_Product_5,,Des 1,,,GENERIC,GENERIC,,AB,0,,STANDARD,default,Phase,FALSE,0,
25,PL_Product_5,,Des 1,,,GENERIC,GENERIC,,AB,0,,STANDARD,,Phase,FALSE,0,
24,PL_Product_6,,Des 1,,,GENERIC,GENERIC,,AB,0,,STANDARD,default,Phase,FALSE,0,
24,PL_Product_7_WS,,Des 1,,,GENERIC,GENERIC,,AB,0,,STANDARD,,Phase,FALSE,0,
25,PL_Product_7_WS,,Des 1,,,GENERIC,GENERIC,,AB,0,,STANDARD,default,Phase,FALSE,0,
24,PL_Product_8_BOM_BPR_Parent,,Des 1,,,GENERIC,GENERIC,,AB,0,,STANDARD,default,Phase,FALSE,0,
28,PL_Product_8_BOM_BPR_Parent,,Des 1,,,GENERIC,GENERIC,,AB,0,,STANDARD,,Phase,FALSE,0,
24,PL_Product_8_Assume_BP_Parent,,Des 1,,,GENERIC,GENERIC,,AB,0,,STANDARD,default,Phase,FALSE,0,
28,PL_Product_8_Assume_BP_Parent,,Des 1,,,GENERIC,GENERIC,,AB,0,,STANDARD,,Phase,FALSE,0,
24,PL_Product_Belong_Child_BASE_1,,Des 1,,,GENERIC,GENERIC,,AB,0,,STANDARD,default,Phase,FALSE,0,
24,PL_Product_Belong_Child_BASE_2,,Des 1,,,GENERIC,GENERIC,,AB,0,,STANDARD,default,Phase,FALSE,0,
24,PL_Product_9_BOM_BPR_Child_1,,Des 1,,,GENERIC,GENERIC,,AB,0,,STANDARD,default,Phase,FALSE,0,
29,PL_Product_9_BOM_BPR_Child_1,,Des 1,,,GENERIC,GENERIC,,AB,0,,STANDARD,,Phase,FALSE,0,
30,PL_Product_9_BOM_BPR_Child_1,,Des 1,,,GENERIC,GENERIC,,AB,0,,STANDARD,,Phase,FALSE,0,
24,PL_Product_9_Assume_BP_Child_1,,Des 1,,,GENERIC,GENERIC,,AB,0,,STANDARD,default,Phase,FALSE,0,
29,PL_Product_9_Assume_BP_Child_1,,Des 1,,,GENERIC,GENERIC,,AB,0,,STANDARD,,Phase,FALSE,0,
30,PL_Product_9_Assume_BP_Child_1,,Des 1,,,GENERIC,GENERIC,,AB,0,,STANDARD,,Phase,FALSE,0,
24,PL_Product_8_WS,,Des 1,,,GENERIC,GENERIC,,AB,0,,STANDARD,,Phase,FALSE,0,
25,PL_Product_8_WS,,Des 1,,,GENERIC,GENERIC,,AB,0,,STANDARD,default,Phase,FALSE,0,
24,PL_Product_9,,Des 1,,,GENERIC,GENERIC,,AB,0,,STANDARD,,Phase,FALSE,0,
25,PL_Product_9,,Des 1,,,GENERIC,GENERIC,,AB,0,,STANDARD,default,Phase,FALSE,0,
24,PL_Product_Belong_Child,,,,,PL_Manufacturer,PL_Style,,,0,1,UP,default,Phase,FALSE,0,
24,PL_Product_Belong_Child_1,,,,,PL_Manufacturer,PL_Style,,,0,1,UP,default,Phase,FALSE,0,
24,PL_Product_Belong_Child_2,,,,,PL_Manufacturer,PL_Style,,,0,1,UP,default,Phase,FALSE,0,
25,PL_Product_Belong_Child_2,,,,,PL_Manufacturer,PL_Style,,,0,1,UP,,Phase,FALSE,0,
24,PL_Product_Belong_Child_3_House_Opt_Comm_Qty,,,,,PL_Manufacturer,PL_Style,,,0,,STANDARD,default,Phase,FALSE,0,
24,PL_Product_Belong_Child_3_SS_To,,,,,PL_Manufacturer,PL_Style,,,0,,STANDARD,default,Phase,FALSE,0,
24,PL_Product_Belong_Child_4,,,,,PL_Manufacturer,PL_Style,,,0,,STANDARD,default,Phase,FALSE,0,
24,PL_Product_Condition_101,,,,,PL_Manufacturer,PL_Style,,,0,1,UP,default,Phase,FALSE,0,
24,PL_Product_Condition_102,,,,,PL_Manufacturer,PL_Style,,,0,1,UP,default,Phase,FALSE,0,
24,PL_Product_Condition_103,,,,,PL_Manufacturer,PL_Style,,,0,1,UP,default,Phase,FALSE,0,
24,PL_Product_Condition_104,,,,,PL_Manufacturer,PL_Style,,,0,1,UP,default,Phase,FALSE,0,
24,PL_Product_Condition_105,,,,,PL_Manufacturer,PL_Style,,,0,1,UP,default,Phase,FALSE,0,
24,PL_Product_Condition_106,,,,,PL_Manufacturer,PL_Style,,,0,1,UP,default,Phase,FALSE,0,
24,PL_Product_Condition_107,,,,,PL_Manufacturer,PL_Style,,,0,1,UP,default,Phase,FALSE,0,
24,PL_Product_Condition_108,,,,,PL_Manufacturer,PL_Style,,,0,1,UP,default,Phase,FALSE,0,
24,PL_Product_Condition_109,,,,,PL_Manufacturer,PL_Style,,,0,1,UP,default,Phase,FALSE,0,
24,PL_Product_Condition_110,,,,,PL_Manufacturer,PL_Style,,,0,1,UP,default,Phase,FALSE,0,
24,PL_Product_Condition_111,,,,,PL_Manufacturer,PL_Style,,,0,1,UP,default,Phase,FALSE,0,
24,PL_Product_Condition_112,,,,,PL_Manufacturer,PL_Style,,,0,1,UP,default,Phase,FALSE,0,
24,PL_Product_Condition_113,,,,,PL_Manufacturer,PL_Style,,,0,1,UP,default,Phase,FALSE,0,
24,PL_Product_Condition_114,,,,,PL_Manufacturer,PL_Style,,,0,1,UP,default,Phase,FALSE,0,
24,PL_Product_Condition_115,,,,,PL_Manufacturer,PL_Style,,,0,1,UP,default,Phase,FALSE,0,
24,PL_Product_Condition_116,,,,,PL_Manufacturer,PL_Style,,,0,1,UP,default,Phase,FALSE,0,
24,PL_Product_Condition_117,,,,,PL_Manufacturer,PL_Style,,,0,1,UP,default,Phase,FALSE,0,
24,PL_Product_Condition_118,,,,,PL_Manufacturer,PL_Style,,,0,1,UP,default,Phase,FALSE,0,
24,PL_Product_Condition_119,,,,,PL_Manufacturer,PL_Style,,,0,1,UP,default,Phase,FALSE,0,
24,PL_Product_Condition_120,,,,,PL_Manufacturer,PL_Style,,,0,1,UP,default,Phase,FALSE,0,
24,PL_Product_Condition_121,,,,,PL_Manufacturer,PL_Style,,,0,1,UP,default,Phase,FALSE,0,
24,PL_Product_Condition_122,,,,,PL_Manufacturer,PL_Style,,,0,1,UP,default,Phase,FALSE,0,
24,PL_Product_Condition_123,,,,,PL_Manufacturer,PL_Style,,,0,1,UP,default,Phase,FALSE,0,
24,PL_Product_Condition_124,,,,,PL_Manufacturer,PL_Style,,,0,1,UP,default,Phase,FALSE,0,
24,PL_Product_Condition_125,,,,,PL_Manufacturer,PL_Style,,,0,1,UP,default,Phase,FALSE,0,
24,PL_Product_Condition_125_Subcomponent,,,,,PL_Manufacturer,PL_Style,,,0,1,UP,default,Phase,FALSE,0,
24,PL_Product_Condition_126,,,,,PL_Manufacturer,PL_Style,,,0,1,UP,default,Phase,FALSE,0,
24,PL_Product_Condition_127,,,,,PL_Manufacturer,PL_Style,,,0,1,UP,default,Phase,FALSE,0,
24,PL_Product_Condition_127_SpecSet_To,,,,,PL_Manufacturer,PL_Style,,,0,1,UP,default,Phase,FALSE,0,
24,PL_Product_Condition_128,,,,,PL_Manufacturer,PL_Style,,,0,1,UP,default,Phase,FALSE,0,
24,PL_Product_Condition_129,,,,,PL_Manufacturer,PL_Style,,,0,1,UP,default,Phase,FALSE,0,
24,PL_Product_Condition_129_BLR_To,,,,,PL_Manufacturer,PL_Style,,,0,1,UP,default,Phase,FALSE,0,
24,PL_Product_Condition_130,,,,,PL_Manufacturer,PL_Style,,,0,1,UP,default,Phase,FALSE,0,
24,PL_Product_Condition_131,,,,,PL_Manufacturer,PL_Style,,,0,1,UP,default,Phase,FALSE,0,
24,PL_Product_Condition_132,,,,,PL_Manufacturer,PL_Style,,,0,1,UP,default,Phase,FALSE,0,
24,PL_Product_Condition_133,,,,,PL_Manufacturer,PL_Style,,,0,1,UP,default,Phase,FALSE,0,
24,PL_Product_Condition_134,,,,,PL_Manufacturer,PL_Style,,,0,1,UP,default,Phase,FALSE,0,
24,PL_Product_Condition_135,,,,,PL_Manufacturer,PL_Style,,,0,1,UP,default,Phase,FALSE,0,
24,PL_Product_Condition_136,,,,,PL_Manufacturer,PL_Style,,,0,1,UP,default,Phase,FALSE,0,
24,PL_Product_Condition_137,,,,,PL_Manufacturer,PL_Style,,,0,1,UP,default,Phase,FALSE,0,
24,PL_Product_Condition_138,,,,,PL_Manufacturer,PL_Style,,,0,1,UP,default,Phase,FALSE,0,
24,PL_Product_Condition_139,,,,,PL_Manufacturer,PL_Style,,,0,1,UP,default,Phase,FALSE,0,
24,PL_Product_Condition_140,,,,,PL_Manufacturer,PL_Style,,,0,1,UP,default,Phase,FALSE,0,
24,PL_Product_Condition_141,,,,,PL_Manufacturer,PL_Style,,,0,1,UP,default,Phase,FALSE,0,
24,PL_Product_Condition_142,,,,,PL_Manufacturer,PL_Style,,,0,1,UP,default,Phase,FALSE,0,
24,PL_Product_Condition_143,,,,,PL_Manufacturer,PL_Style,,,0,1,UP,default,Phase,FALSE,0,
24,PL_Product_Condition_144,,,,,PL_Manufacturer,PL_Style,,,0,1,UP,default,Phase,FALSE,0,
24,PL_Product_Condition_145,,,,,PL_Manufacturer,PL_Style,,,0,1,UP,default,Phase,FALSE,0,
24,PL_Product_Condition_146,,,,,PL_Manufacturer,PL_Style,,,0,1,UP,default,Phase,FALSE,0,
24,PL_Product_Condition_147,,,,,PL_Manufacturer,PL_Style,,,0,1,UP,default,Phase,FALSE,0,
24,PL_Product_Condition_148,,,,,PL_Manufacturer,PL_Style,,,0,1,UP,default,Phase,FALSE,0,
24,PL_Product_Condition_149,,,,,PL_Manufacturer,PL_Style,,,0,1,UP,default,Phase,FALSE,0,
24,PL_Product_Condition_150,,,,,PL_Manufacturer,PL_Style,,,0,1,UP,default,Phase,FALSE,0,
24,PL_Product_Condition_151,,,,,PL_Manufacturer,PL_Style,,,0,1,UP,default,Phase,FALSE,0,
24,PL_Product_Condition_152,,,,,PL_Manufacturer,PL_Style,,,0,1,UP,default,Phase,FALSE,0,
24,PL_Product_Condition_153,,,,,PL_Manufacturer,PL_Style,,,0,1,UP,default,Phase,FALSE,0,
24,PL_Product_Condition_154,,,,,PL_Manufacturer,PL_Style,,,0,1,UP,default,Phase,FALSE,0,
24,PL_Product_Condition_155,,,,,PL_Manufacturer,PL_Style,,,0,1,UP,default,Phase,FALSE,0,
24,PL_Product_Condition_156,,,,,PL_Manufacturer,PL_Style,,,0,1,UP,default,Phase,FALSE,0,
24,PL_Product_Condition_157,,,,,PL_Manufacturer,PL_Style,,,0,1,UP,default,Phase,FALSE,0,
24,PL_Product_Condition_158,,,,,PL_Manufacturer,PL_Style,,,0,1,UP,default,Phase,FALSE,0,
24,PL_Product_Condition_159,,,,,PL_Manufacturer,PL_Style,,,0,1,UP,default,Phase,FALSE,0,
24,PL_Product_Condition_160,,,,,PL_Manufacturer,PL_Style,,,0,1,UP,default,Phase,FALSE,0,
24,PL_Product_Condition_201,,,,,PL_Manufacturer,PL_Style,,,0,1,UP,default,Phase,FALSE,0,
24,PL_Product_Condition_202,,,,,PL_Manufacturer,PL_Style,,,0,1,UP,default,Phase,FALSE,0,
24,PL_Product_Condition_203,,,,,PL_Manufacturer,PL_Style,,,0,1,UP,default,Phase,FALSE,0,
24,PL_Product_Condition_204,,,,,PL_Manufacturer,PL_Style,,,0,1,UP,default,Phase,FALSE,0,
24,PL_Product_Condition_205,,,,,PL_Manufacturer,PL_Style,,,0,1,UP,default,Phase,FALSE,0,
24,PL_Product_Condition_206,,,,,PL_Manufacturer,PL_Style,,,0,1,UP,default,Phase,FALSE,0,
24,PL_Product_Condition_207,,,,,PL_Manufacturer,PL_Style,,,0,1,UP,default,Phase,FALSE,0,
24,PL_Product_Condition_208,,,,,PL_Manufacturer,PL_Style,,,0,1,UP,default,Phase,FALSE,0,
24,PL_Product_Condition_209,,,,,PL_Manufacturer,PL_Style,,,0,1,UP,default,Phase,FALSE,0,
24,PL_Product_Condition_210,,,,,PL_Manufacturer,PL_Style,,,0,1,UP,default,Phase,FALSE,0,
24,PL_Product_Condition_211,,,,,PL_Manufacturer,PL_Style,,,0,1,UP,default,Phase,FALSE,0,
24,PL_Product_Condition_212,,,,,PL_Manufacturer,PL_Style,,,0,1,UP,default,Phase,FALSE,0,
24,PL_Product_Condition_213,,,,,PL_Manufacturer,PL_Style,,,0,1,UP,default,Phase,FALSE,0,
24,PL_Product_Condition_214,,,,,PL_Manufacturer,PL_Style,,,0,1,UP,default,Phase,FALSE,0,
24,PL_Product_Condition_215,,,,,PL_Manufacturer,PL_Style,,,0,1,UP,default,Phase,FALSE,0,
24,PL_Product_Condition_216,,,,,PL_Manufacturer,PL_Style,,,0,1,UP,default,Phase,FALSE,0,
24,PL_Product_Condition_217,,,,,PL_Manufacturer,PL_Style,,,0,1,UP,default,Phase,FALSE,0,
24,PL_Product_Condition_218,,,,,PL_Manufacturer,PL_Style,,,0,1,UP,default,Phase,FALSE,0,
24,PL_Product_Condition_219,,,,,PL_Manufacturer,PL_Style,,,0,1,UP,default,Phase,FALSE,0,
24,PL_Product_Condition_220,,,,,PL_Manufacturer,PL_Style,,,0,1,UP,default,Phase,FALSE,0,
24,PL_Product_Condition_221,,,,,PL_Manufacturer,PL_Style,,,0,1,UP,default,Phase,FALSE,0,
24,PL_Product_Condition_222,,,,,PL_Manufacturer,PL_Style,,,0,1,UP,default,Phase,FALSE,0,
24,PL_Product_Condition_223,,,,,PL_Manufacturer,PL_Style,,,0,1,UP,default,Phase,FALSE,0,
24,PL_Product_Condition_224,,,,,PL_Manufacturer,PL_Style,,,0,1,UP,default,Phase,FALSE,0,
24,PL_Product_Condition_225,,,,,PL_Manufacturer,PL_Style,,,0,1,UP,default,Phase,FALSE,0,
24,PL_Product_Condition_226,,,,,PL_Manufacturer,PL_Style,,,0,1,UP,default,Phase,FALSE,0,
24,PL_Product_Condition_227,,,,,PL_Manufacturer,PL_Style,,,0,1,UP,default,Phase,FALSE,0,
24,PL_Product_Condition_228,,,,,PL_Manufacturer,PL_Style,,,0,1,UP,default,Phase,FALSE,0,
24,PL_Product_Condition_229,,,,,PL_Manufacturer,PL_Style,,,0,1,UP,default,Phase,FALSE,0,
24,PL_Product_Condition_230,,,,,PL_Manufacturer,PL_Style,,,0,1,UP,default,Phase,FALSE,0,
24,PL_Product_Condition_231,,,,,PL_Manufacturer,PL_Style,,,0,1,UP,default,Phase,FALSE,0,
24,PL_Product_Condition_232,,,,,PL_Manufacturer,PL_Style,,,0,1,UP,default,Phase,FALSE,0,
24,PL_Product_Condition_233,,,,,PL_Manufacturer,PL_Style,,,0,1,UP,default,Phase,FALSE,0,
24,PL_Product_Condition_234,,,,,PL_Manufacturer,PL_Style,,,0,1,UP,default,Phase,FALSE,0,
24,PL_Product_Condition_235,,,,,PL_Manufacturer,PL_Style,,,0,1,UP,default,Phase,FALSE,0,
24,PL_Product_Condition_236,,,,,PL_Manufacturer,PL_Style,,,0,1,UP,default,Phase,FALSE,0,
24,PL_Product_Condition_237,,,,,PL_Manufacturer,PL_Style,,,0,1,UP,default,Phase,FALSE,0,
24,PL_Product_Condition_238,,,,,PL_Manufacturer,PL_Style,,,0,1,UP,default,Phase,FALSE,0,
24,PL_Product_Condition_239,,,,,PL_Manufacturer,PL_Style,,,0,1,UP,default,Phase,FALSE,0,
24,PL_Product_Condition_240,,,,,PL_Manufacturer,PL_Style,,,0,1,UP,default,Phase,FALSE,0,
24,PL_Product_Condition_241,,,,,PL_Manufacturer,PL_Style,,,0,1,UP,default,Phase,FALSE,0,
24,PL_Product_Condition_242,,,,,PL_Manufacturer,PL_Style,,,0,1,UP,default,Phase,FALSE,0,
24,PL_Product_Condition_243,,,,,PL_Manufacturer,PL_Style,,,0,1,UP,default,Phase,FALSE,0,
24,PL_Product_Condition_244,,,,,PL_Manufacturer,PL_Style,,,0,1,UP,default,Phase,FALSE,0,
24,PL_Product_Condition_245,,,,,PL_Manufacturer,PL_Style,,,0,1,UP,default,Phase,FALSE,0,
24,PL_Product_Condition_301,,,,,PL_Manufacturer,PL_Style,,,0,1,UP,default,Phase,FALSE,0,
24,PL_Product_Condition_302,,,,,PL_Manufacturer,PL_Style,,,0,1,UP,default,Phase,FALSE,0,
24,PL_Product_Condition_303,,,,,PL_Manufacturer,PL_Style,,,0,1,UP,default,Phase,FALSE,0,
24,PL_Product_Condition_304,,,,,PL_Manufacturer,PL_Style,,,0,1,UP,default,Phase,FALSE,0,
24,PL_Product_Condition_305,,,,,PL_Manufacturer,PL_Style,,,0,1,UP,default,Phase,FALSE,0,
24,PL_Product_Condition_306,,,,,PL_Manufacturer,PL_Style,,,0,1,UP,default,Phase,FALSE,0,
24,PL_Product_Condition_307,,,,,PL_Manufacturer,PL_Style,,,0,1,UP,default,Phase,FALSE,0,
24,PL_Product_Condition_308,,,,,PL_Manufacturer,PL_Style,,,0,1,UP,default,Phase,FALSE,0,
24,PL_Product_Belong_Parent,,,,,PL_Manufacturer,PL_Style,,,0,1,UP,default,Phase,FALSE,0,
24,PL_Product_Belong_Parent_2,,,,,PL_Manufacturer,PL_Style,,,0,1,UP,default,Phase,FALSE,0,
24,PL_Product_Cement22,,12345,,,PL_Manufacturer,PL_Style,,,1.1,1,STANDARD,default,Phase,FALSE,0,
25,PL_Product_Cement22,,12345,,,PL_Manufacturer,PL_Style,,,1.1,1,STANDARD,,Phase,FALSE,0,
24,PL_Product_Cement22,,12345,,,Boral,Modular,,,1.1,1,STANDARD,default,Phase,FALSE,0,
25,PL_Product_Cement22,,12345,,,Boral,Modular,,,1.1,1,STANDARD,,Phase,FALSE,0,
24,PL_Product_For_Opt_Additive_Mapping_1_From,,,,,PL_Manufacturer,PL_Style,,,0,,STANDARD,default,Phase,FALSE,0,
24,PL_Product_For_Opt_Additive_Mapping_1_To,,,,,PL_Manufacturer,PL_Style,,,0,,STANDARD,default,Phase,FALSE,0,
24,PL_Product_For_Opt_Additive_Mapping_2_From,,,,,PL_Manufacturer,PL_Style,,,0,,STANDARD,default,Phase,FALSE,0,
24,PL_Product_For_Opt_Additive_Mapping_2_To,,,,,PL_Manufacturer,PL_Style,,,0,,STANDARD,default,Phase,FALSE,0,
24,PL_Product_For_Opt_Replacement_Mapping_1_From,,,,,PL_Manufacturer,PL_Style,,,0,,STANDARD,default,Phase,FALSE,0,
24,PL_Product_For_Opt_Replacement_Mapping_1_To,,,,,PL_Manufacturer,PL_Style,,,0,,STANDARD,default,Phase,FALSE,0,
24,PL_Product_For_Opt_Replacement_Mapping_2_From,,,,,PL_Manufacturer,PL_Style,,,0,,STANDARD,default,Phase,FALSE,0,
24,PL_Product_For_Opt_Replacement_Mapping_2_To,,,,,PL_Manufacturer,PL_Style,,,0,,STANDARD,default,Phase,FALSE,0,
24,PL_Product_Belong_Child_817_KM_SpecSet_From,,,,,PL_Manufacturer,PL_Style,,,0,,STANDARD,default,Phase,FALSE,0,
24,PL_Product_Belong_Child_817_KM_SpecSet_To,,,,,PL_Manufacturer,PL_Style,,,0,,STANDARD,default,Phase,FALSE,0,
24,PL_Product_Belong_Child_817_KM_Subcomponent_To,,,,,PL_Manufacturer,PL_Style,,,0,,STANDARD,default,Phase,FALSE,0,
24,PL_Product_Belong_Child_821_Orient_From,,,,,PL_Manufacturer,PL_Style,,,0,,STANDARD,default,Phase,FALSE,0,
24,PL_Product_Belong_Child_821_Orient_To,,,,,PL_Manufacturer,PL_Style,,,0,,STANDARD,default,Phase,FALSE,0,
24,PL_Product_Sand,,,,,Batta Training,Round,,,0,1,UP,default,Phase,FALSE,0,
24,PL_Product_Sand,,,,,Armstrong,1000,,,0,1,UP,default,Phase,FALSE,0,
24,PL_Product_Sand,,,,,PL_Manufacturer,PL_Style,,,0,1,UP,default,Phase,FALSE,0,
25,PL_Product_Sand,,,,,PL_Manufacturer,PL_Style,,,0,1,UP,,Phase,FALSE,0,
24,PL_Product_Sand_With_Calculation_In_Garage_Subcomponent,,,,,PL_Manufacturer,PL_Style,,,1.1,,STANDARD,default,Phase,FALSE,0,
24,PL_Product_Sand_KM_2_Layers,,,,,Armstrong,1000,,,0,1,UP,default,Phase,FALSE,0,
25,PL_Product_Sand_KM_2_Layers,,,,,PL_Manufacturer,PL_Style,,,0,1,UP,,Phase,FALSE,0,
24,PL_Product_Sand_Subcomponent_Layer_1,,,,,PL_Manufacturer,PL_Style,,,1.1,,STANDARD,default,Phase,FALSE,0,
24,PL_Product_Sand_Subcomponent_Layer_2_Waste_Round,,,,,PL_Manufacturer,PL_Style,,,1.1,1,DOWN,default,Phase,FALSE,0,
24,PL_Product_Soil,,,,,Boral,Modular,,,0,1,UP,default,Phase,FALSE,0,
24,PL_Product_Soil,,,,,PL_Manufacturer,PL_Style,,,0,1,UP,default,Phase,FALSE,0,
24,PL_Product_Soil_2,,,,,Boral,Modular,,,0,1,STANDARD,default,Phase,FALSE,0,
24,PL_Product_Soil_2,,,,,PL_Manufacturer,PL_Style,,,0,1,STANDARD,default,Phase,FALSE,0,
25,PL_Product_Soil_2,,,,,Boral,Modular,,,0,1,STANDARD,,Phase,FALSE,0,
25,PL_Product_Soil_2,,,,,PL_Manufacturer,PL_Style,,,0,1,STANDARD,,Phase,FALSE,0,
24,PL_Product_Soil_3,,,,,PL_Manufacturer,PL_Style,,,1.1,1,STANDARD,default,Phase,FALSE,0,
24,PL_Product_Soil_4,,,,,PL_Manufacturer,PL_Style,,,0,1,DOWN,default,Phase,FALSE,0,
25,PL_Product_Supplemental_Bed-2-person,,,,,PL_Manufacturer,PL_Style,,EA,0,,STANDARD,default,Phase,TRUE,17,
24,PL_Product_Belong_Child_Global_1,,,,,PL_Manufacturer,PL_Style,,EA,0,,STANDARD,default,Phase,FALSE,0,
24,PL_Product_Belong_Child_Global_2,,,,,PL_Manufacturer,PL_Style,,EA,0,,STANDARD,default,Phase,FALSE,0,
24,PL_Product_Belong_Child_61,,,,,PL_Manufacturer,PL_Style,,EA,0,,STANDARD,default,Phase,FALSE,0,
24,PL_Product_Belong_Child_62,,,,,PL_Manufacturer,PL_Style,,EA,0,,STANDARD,default,Phase,FALSE,0,
24,PL_Product_BLR_A_Con,PL_Cat_BLR,,,,PL_Manufacturer,PL_Style,,EA,1.15,1,DOWN,default,Phase,FALSE,0,
25,PL_Product_BLR_A_Con,PL_Cat_BLR,,,,PL_Manufacturer,PL_Style,,EA,1.15,1,DOWN,,Phase,FALSE,0,
24,PL_Product_BLR_TC_1_A_Act,,,,,PL_Manufacturer,PL_Style,,EA,0,,STANDARD,default,Phase,FALSE,0,
25,PL_Product_BLR_TC_1_A_Act,,,,,PL_Manufacturer,PL_Style,,EA,0,,STANDARD,,Phase,FALSE,0,
24,PL_Product_BLR_TC_2_A_Act,,,,,PL_Manufacturer,PL_Style,,EA,0,,STANDARD,default,Phase,FALSE,0,
25,PL_Product_BLR_TC_2_A_Act,,,,,PL_Manufacturer,PL_Style,,EA,0,,STANDARD,,Phase,FALSE,0,
24,PL_Product_BLR_TC_3_A_Act,,,,,PL_Manufacturer,PL_Style,,EA,0,,STANDARD,default,Phase,FALSE,0,
25,PL_Product_BLR_TC_3_A_Act,,,,,PL_Manufacturer,PL_Style,,EA,0,,STANDARD,,Phase,FALSE,0,
24,PL_Product_BLR_TC_3_A_Act_Sub,,,,,PL_Manufacturer,PL_Style,,EA,0,,STANDARD,default,Phase,FALSE,0,
25,PL_Product_BLR_TC_3_A_Act_Sub,,,,,PL_Manufacturer,PL_Style,,EA,0,,STANDARD,,Phase,FALSE,0,
24,PL_Product_BLR_TC_5_A_Act,PL_Cat_BLR,,,,PL_Manufacturer,PL_Style,,EA,0,,STANDARD,default,Phase,FALSE,0,
25,PL_Product_BLR_TC_5_A_Act,PL_Cat_BLR,,,,PL_Manufacturer,PL_Style,,EA,0,,STANDARD,,Phase,FALSE,0,
24,PL_Product_BLR_TC_6_A_Act,PL_Cat_BLR,,,,PL_Manufacturer,PL_Style,,EA,0,,STANDARD,default,Phase,FALSE,0,
25,PL_Product_BLR_TC_6_A_Act,PL_Cat_BLR,,,,PL_Manufacturer,PL_Style,,EA,0,,STANDARD,,Phase,FALSE,0,
24,PL_Product_BLR_TC_7_A_Con,PL_Cat_BLR,,,,PL_Manufacturer,PL_Style,,EA,0,,STANDARD,default,Phase,FALSE,0,
25,PL_Product_BLR_TC_7_A_Con,PL_Cat_BLR,,,,PL_Manufacturer,PL_Style,,EA,0,,STANDARD,,Phase,FALSE,0,
24,PL_Product_BLR_TC_7_A_Act,PL_Cat_BLR,,,,PL_Manufacturer,PL_Style,,EA,0,,STANDARD,default,Phase,FALSE,0,
25,PL_Product_BLR_TC_7_A_Act,PL_Cat_BLR,,,,PL_Manufacturer,PL_Style,,EA,0,,STANDARD,,Phase,FALSE,0,
24,PL_Product_BLR_TC_7_A_Act_SS,,,,,PL_Manufacturer,PL_Style,,EA,0,,STANDARD,default,Phase,FALSE,0,
25,PL_Product_BLR_TC_7_A_Act_SS,,,,,PL_Manufacturer,PL_Style,,EA,0,,STANDARD,,Phase,FALSE,0,
24,PL_Product_BLR_TC_7_A_Con_SS,,,,,PL_Manufacturer,PL_Style,,EA,0,,STANDARD,default,Phase,FALSE,0,
25,PL_Product_BLR_TC_7_A_Con_SS,,,,,PL_Manufacturer,PL_Style,,EA,0,,STANDARD,,Phase,FALSE,0,
24,PL_Product_BLR_TC_8_A_Act,,,,,PL_Manufacturer,PL_Style,,EA,0,,STANDARD,default,Phase,FALSE,0,
25,PL_Product_BLR_TC_8_A_Act,,,,,PL_Manufacturer,PL_Style,,EA,0,,STANDARD,,Phase,FALSE,0,
24,PL_Product_BLR_TC_8_A_Act_Sub,PL_Cat_BLR,,,,PL_Manufacturer,PL_Style,,EA,0,,STANDARD,default,Phase,FALSE,0,
25,PL_Product_BLR_TC_8_A_Act_Sub,PL_Cat_BLR,,,,PL_Manufacturer,PL_Style,,EA,0,,STANDARD,,Phase,FALSE,0,
24,PL_Product_BLR_TC_8_A_Act_Sub_SS,,,,,PL_Manufacturer,PL_Style,,EA,0,,STANDARD,default,Phase,FALSE,0,
25,PL_Product_BLR_TC_8_A_Act_Sub_SS,,,,,PL_Manufacturer,PL_Style,,EA,0,,STANDARD,,Phase,FALSE,0,
24,PL_Product_BLR_TC_8_A_Act_Sub_SS_Sub,,,,,PL_Manufacturer,PL_Style,,EA,0,,STANDARD,default,Phase,FALSE,0,
25,PL_Product_BLR_TC_8_A_Act_Sub_SS_Sub,,,,,PL_Manufacturer,PL_Style,,EA,0,,STANDARD,,Phase,FALSE,0,
24,PL_Product_BLR_TC_9_A_Act,PL_Cat_BLR,,,,PL_Manufacturer,PL_Style,,EA,0,,STANDARD,default,Phase,FALSE,0,
25,PL_Product_BLR_TC_9_A_Act,PL_Cat_BLR,,,,PL_Manufacturer,PL_Style,,EA,0,,STANDARD,,Phase,FALSE,0,
24,PL_Product_BLR_TC_9_A_Act_Act,,,,,PL_Manufacturer,PL_Style,,EA,0,,STANDARD,default,Phase,FALSE,0,
25,PL_Product_BLR_TC_9_A_Act_Act,,,,,PL_Manufacturer,PL_Style,,EA,0,,STANDARD,,Phase,FALSE,0,
24,PL_Product_BLR_TC_10_A_Act,,,,,PL_Manufacturer,PL_Style,,EA,0,,STANDARD,default,Phase,FALSE,0,
25,PL_Product_BLR_TC_10_A_Act,,,,,PL_Manufacturer,PL_Style,,EA,0,,STANDARD,,Phase,FALSE,0,
24,PL_Product_BLR_TC_10_A_Act_Sub,PL_Cat_BLR,,,,PL_Manufacturer,PL_Style,,EA,0,,STANDARD,default,Phase,FALSE,0,
25,PL_Product_BLR_TC_10_A_Act_Sub,PL_Cat_BLR,,,,PL_Manufacturer,PL_Style,,EA,0,,STANDARD,,Phase,FALSE,0,
24,PL_Product_BLR_TC_10_A_Act_Sub_Act,,,,,PL_Manufacturer,PL_Style,,EA,0,,STANDARD,default,Phase,FALSE,0,
25,PL_Product_BLR_TC_10_A_Act_Sub_Act,,,,,PL_Manufacturer,PL_Style,,EA,0,,STANDARD,,Phase,FALSE,0,
24,PL_Product_BLR_TC_10_A_Act_Sub_Act_Sub,,,,,PL_Manufacturer,PL_Style,,EA,0,,STANDARD,default,Phase,FALSE,0,
25,PL_Product_BLR_TC_10_A_Act_Sub_Act_Sub,,,,,PL_Manufacturer,PL_Style,,EA,0,,STANDARD,,Phase,FALSE,0,
24,PL_Product_BLR_TC_11_A_Act,PL_Cat_BLR,,,,PL_Manufacturer,PL_Style,,EA,0,,STANDARD,default,Phase,FALSE,0,
25,PL_Product_BLR_TC_11_A_Act,PL_Cat_BLR,,,,PL_Manufacturer,PL_Style,,EA,0,,STANDARD,,Phase,FALSE,0,
24,PL_Product_BLR_TC_11_A_Act_Act,,,,,PL_Manufacturer,PL_Style,,EA,0,,STANDARD,default,Phase,FALSE,0,
25,PL_Product_BLR_TC_11_A_Act_Act,,,,,PL_Manufacturer,PL_Style,,EA,0,,STANDARD,,Phase,FALSE,0,
24,PL_Product_BLR_TC_12_A_Act,PL_Cat_BLR,,,,PL_Manufacturer,PL_Style,,EA,0,,STANDARD,default,Phase,FALSE,0,
25,PL_Product_BLR_TC_12_A_Act,PL_Cat_BLR,,,,PL_Manufacturer,PL_Style,,EA,0,,STANDARD,,Phase,FALSE,0,
24,PL_Product_BLR_TC_12_A_Act_Sub,PL_Cat_BLR,,,,PL_Manufacturer,PL_Style,,EA,0,,STANDARD,default,Phase,FALSE,0,
25,PL_Product_BLR_TC_12_A_Act_Sub,PL_Cat_BLR,,,,PL_Manufacturer,PL_Style,,EA,0,,STANDARD,,Phase,FALSE,0,
24,PL_Product_BLR_TC_12_A_Act_Sub_Act,,,,,PL_Manufacturer,PL_Style,,EA,0,,STANDARD,default,Phase,FALSE,0,
25,PL_Product_BLR_TC_12_A_Act_Sub_Act,,,,,PL_Manufacturer,PL_Style,,EA,0,,STANDARD,,Phase,FALSE,0,
24,PL_Product_BLR_TC_13_A_Act,,,,,PL_Manufacturer,PL_Style,,EA,0,,STANDARD,default,Phase,FALSE,0,
25,PL_Product_BLR_TC_13_A_Act,,,,,PL_Manufacturer,PL_Style,,EA,0,,STANDARD,,Phase,FALSE,0,
24,PL_Product_BLR_TC_13_A_Act_Sub,PL_Cat_BLR,,,,PL_Manufacturer,PL_Style,,EA,0,,STANDARD,default,Phase,FALSE,0,
25,PL_Product_BLR_TC_13_A_Act_Sub,PL_Cat_BLR,,,,PL_Manufacturer,PL_Style,,EA,0,,STANDARD,,Phase,FALSE,0,
24,PL_Product_BLR_TC_13_A_Act_Sub_SS,,,,,PL_Manufacturer,PL_Style,,EA,0,,STANDARD,default,Phase,FALSE,0,
25,PL_Product_BLR_TC_13_A_Act_Sub_SS,,,,,PL_Manufacturer,PL_Style,,EA,0,,STANDARD,,Phase,FALSE,0,
24,PL_Product_BLR_TC_13_A_Act_Sub_SS_Sub,PL_Cat_BLR,,,,PL_Manufacturer,PL_Style,,EA,0,,STANDARD,default,Phase,FALSE,0,
25,PL_Product_BLR_TC_13_A_Act_Sub_SS_Sub,PL_Cat_BLR,,,,PL_Manufacturer,PL_Style,,EA,0,,STANDARD,,Phase,FALSE,0,
24,PL_Product_BLR_TC_13_A_Act_Sub_SS_Sub_Act,,,,,PL_Manufacturer,PL_Style,,EA,0,,STANDARD,default,Phase,FALSE,0,
25,PL_Product_BLR_TC_13_A_Act_Sub_SS_Sub_Act,,,,,PL_Manufacturer,PL_Style,,EA,0,,STANDARD,,Phase,FALSE,0,
24,PL_Product_BLR_TC_13_A_Act_Sub_SS_Sub_Act_Sub,,,,,PL_Manufacturer,PL_Style,,EA,0,,STANDARD,default,Phase,FALSE,0,
25,PL_Product_BLR_TC_13_A_Act_Sub_SS_Sub_Act_Sub,,,,,PL_Manufacturer,PL_Style,,EA,0,,STANDARD,,Phase,FALSE,0,
24,PL_Product_BLR_TC_14_A_Act,PL_Cat_BLR,,,,PL_Manufacturer,PL_Style,,EA,0,,STANDARD,default,Phase,FALSE,0,
25,PL_Product_BLR_TC_14_A_Act,PL_Cat_BLR,,,,PL_Manufacturer,PL_Style,,EA,0,,STANDARD,,Phase,FALSE,0,
24,PL_Product_BLR_TC_14_A_Act_Act,PL_Cat_BLR,,,,PL_Manufacturer,PL_Style,,EA,0,,STANDARD,default,Phase,FALSE,0,
25,PL_Product_BLR_TC_14_A_Act_Act,PL_Cat_BLR,,,,PL_Manufacturer,PL_Style,,EA,0,,STANDARD,,Phase,FALSE,0,
24,PL_Product_BLR_TC_14_A_Act_Act_Act,,,,,PL_Manufacturer,PL_Style,,EA,0,,STANDARD,default,Phase,FALSE,0,
25,PL_Product_BLR_TC_14_A_Act_Act_Act,,,,,PL_Manufacturer,PL_Style,,EA,0,,STANDARD,,Phase,FALSE,0,
24,PL_Product_BLR_TC_15_A_Act,,,,,PL_Manufacturer,PL_Style,,EA,0,,STANDARD,default,Phase,FALSE,0,
25,PL_Product_BLR_TC_15_A_Act,,,,,PL_Manufacturer,PL_Style,,EA,0,,STANDARD,,Phase,FALSE,0,
24,PL_Product_BLR_TC_15_A_Act_Sub,PL_Cat_BLR,,,,PL_Manufacturer,PL_Style,,EA,0,,STANDARD,default,Phase,FALSE,0,
25,PL_Product_BLR_TC_15_A_Act_Sub,PL_Cat_BLR,,,,PL_Manufacturer,PL_Style,,EA,0,,STANDARD,,Phase,FALSE,0,
24,PL_Product_BLR_TC_15_A_Act_Sub_Act,,,,,PL_Manufacturer,PL_Style,,EA,0,,STANDARD,default,Phase,FALSE,0,
25,PL_Product_BLR_TC_15_A_Act_Sub_Act,,,,,PL_Manufacturer,PL_Style,,EA,0,,STANDARD,,Phase,FALSE,0,
24,PL_Product_BLR_TC_15_A_Act_Sub_Act_Sub,PL_Cat_BLR,,,,PL_Manufacturer,PL_Style,,EA,0,,STANDARD,default,Phase,FALSE,0,
25,PL_Product_BLR_TC_15_A_Act_Sub_Act_Sub,PL_Cat_BLR,,,,PL_Manufacturer,PL_Style,,EA,0,,STANDARD,,Phase,FALSE,0,
24,PL_Product_BLR_TC_15_A_Act_Sub_Act_Sub_Act,,,,,PL_Manufacturer,PL_Style,,EA,0,,STANDARD,default,Phase,FALSE,0,
25,PL_Product_BLR_TC_15_A_Act_Sub_Act_Sub_Act,,,,,PL_Manufacturer,PL_Style,,EA,0,,STANDARD,,Phase,FALSE,0,
24,PL_Product_BLR_TC_15_A_Act_Sub_Act_Sub_Act_Sub,,,,,PL_Manufacturer,PL_Style,,EA,0,,STANDARD,default,Phase,FALSE,0,
25,PL_Product_BLR_TC_15_A_Act_Sub_Act_Sub_Act_Sub,,,,,PL_Manufacturer,PL_Style,,EA,0,,STANDARD,,Phase,FALSE,0,
24,PL_Product_BLR_TC_16_A_Act_3_Mode,PL_Cat_BLR,,,,PL_Manufacturer,PL_Style,,EA,0,,STANDARD,default,Phase,FALSE,0,
25,PL_Product_BLR_TC_16_A_Act_3_Mode,PL_Cat_BLR,,,,PL_Manufacturer,PL_Style,,EA,0,,STANDARD,,Phase,FALSE,0,
24,PL_Product_BLR_TC_17_A_Act,,,,,PL_Manufacturer,PL_Style,,EA,0,,STANDARD,default,Phase,FALSE,0,
25,PL_Product_BLR_TC_17_A_Act,,,,,PL_Manufacturer,PL_Style,,EA,0,,STANDARD,,Phase,FALSE,0,
24,PL_Product_BLR_TC_17_A_Act_Act,,,,,PL_Manufacturer,PL_Style,,EA,0,,STANDARD,default,Phase,FALSE,0,
25,PL_Product_BLR_TC_17_A_Act_Act,,,,,PL_Manufacturer,PL_Style,,EA,0,,STANDARD,,Phase,FALSE,0,
24,PL_Product_BLR_TC_18_A_Act,,,,,PL_Manufacturer,PL_Style,,EA,0,,STANDARD,default,Phase,FALSE,0,
25,PL_Product_BLR_TC_18_A_Act,,,,,PL_Manufacturer,PL_Style,,EA,0,,STANDARD,,Phase,FALSE,0,
24,PL_Product_BLR_TC_18_A_Act_SS,,,,,PL_Manufacturer,PL_Style,,EA,0,,STANDARD,default,Phase,FALSE,0,
25,PL_Product_BLR_TC_18_A_Act_SS,,,,,PL_Manufacturer,PL_Style,,EA,0,,STANDARD,,Phase,FALSE,0,
24,PL_Product_BLR_TC_18_A_Act_SS_Sub,PL_Cat_BLR,,,,PL_Manufacturer,PL_Style,,EA,0,,STANDARD,default,Phase,FALSE,0,
25,PL_Product_BLR_TC_18_A_Act_SS_Sub,PL_Cat_BLR,,,,PL_Manufacturer,PL_Style,,EA,0,,STANDARD,,Phase,FALSE,0,
24,PL_Product_BLR_TC_18_A_Act_SS_Sub_Act,,,,,PL_Manufacturer,PL_Style,,EA,0,,STANDARD,default,Phase,FALSE,0,
25,PL_Product_BLR_TC_18_A_Act_SS_Sub_Act,,,,,PL_Manufacturer,PL_Style,,EA,0,,STANDARD,,Phase,FALSE,0,
24,PL_Product_BLR_TC_18_A_Act_SS_Sub_Act_SS,PL_Cat_BLR,,,,PL_Manufacturer,PL_Style,,EA,0,,STANDARD,default,Phase,FALSE,0,
25,PL_Product_BLR_TC_18_A_Act_SS_Sub_Act_SS,PL_Cat_BLR,,,,PL_Manufacturer,PL_Style,,EA,0,,STANDARD,,Phase,FALSE,0,
24,PL_Product_BLR_TC_18_A_Act_SS_Sub_Act_Sub,PL_Cat_BLR,,,,PL_Manufacturer,PL_Style,,EA,0,,STANDARD,default,Phase,FALSE,0,
25,PL_Product_BLR_TC_18_A_Act_SS_Sub_Act_Sub,PL_Cat_BLR,,,,PL_Manufacturer,PL_Style,,EA,0,,STANDARD,,Phase,FALSE,0,
24,PL_Product_BLR_TC_18_A_Act_SS_Sub_Act_Sub_Act,,,,,PL_Manufacturer,PL_Style,,EA,0,,STANDARD,default,Phase,FALSE,0,
25,PL_Product_BLR_TC_18_A_Act_SS_Sub_Act_Sub_Act,,,,,PL_Manufacturer,PL_Style,,EA,0,,STANDARD,,Phase,FALSE,0,
24,PL_Product_BLR_TC_19_A_Act,,,,,PL_Manufacturer,PL_Style,,EA,0,,STANDARD,default,Phase,FALSE,0,
25,PL_Product_BLR_TC_19_A_Act,,,,,PL_Manufacturer,PL_Style,,EA,0,,STANDARD,,Phase,FALSE,0,
24,PL_Product_BLR_TC_19_A_Act_Act,,,,,PL_Manufacturer,PL_Style,,EA,0,,STANDARD,default,Phase,FALSE,0,
25,PL_Product_BLR_TC_19_A_Act_Act,,,,,PL_Manufacturer,PL_Style,,EA,0,,STANDARD,,Phase,FALSE,0,
24,PL_Product_BLR_TC_20_A_Act,,,,,PL_Manufacturer,PL_Style,,EA,0,,STANDARD,default,Phase,FALSE,0,
25,PL_Product_BLR_TC_20_A_Act,,,,,PL_Manufacturer,PL_Style,,EA,0,,STANDARD,,Phase,FALSE,0,
24,PL_Product_BLR_TC_20_A_Act_Act,,,,,PL_Manufacturer,PL_Style,,EA,0,,STANDARD,default,Phase,FALSE,0,
25,PL_Product_BLR_TC_20_A_Act_Act,,,,,PL_Manufacturer,PL_Style,,EA,0,,STANDARD,,Phase,FALSE,0,
24,PL_Product_BLR_TC_21_B,,,,,PL_Manufacturer,PL_Style,,EA,1.15,1,DOWN,default,Phase,FALSE,0,
25,PL_Product_BLR_TC_21_B,,,,,PL_Manufacturer,PL_Style,,EA,1.15,1,DOWN,,Phase,FALSE,0,
24,PL_Product_BLR_TC_22_A_Act,,,,,PL_Manufacturer,PL_Style,,EA,1.15,1,DOWN,default,Phase,FALSE,0,
25,PL_Product_BLR_TC_22_A_Act,,,,,PL_Manufacturer,PL_Style,,EA,1.15,1,DOWN,,Phase,FALSE,0,
24,PL_Product_BLR_TC_22_B,,,,,PL_Manufacturer,PL_Style,,EA,1.15,1,DOWN,default,Phase,FALSE,0,
25,PL_Product_BLR_TC_22_B,,,,,PL_Manufacturer,PL_Style,,EA,1.15,1,DOWN,,Phase,FALSE,0,
24,PL_Product_BLR_TC_23_A_Act,,,,,PL_Manufacturer,PL_Style,,EA,1.15,1,DOWN,default,Phase,FALSE,0,
25,PL_Product_BLR_TC_23_A_Act,,,,,PL_Manufacturer,PL_Style,,EA,1.15,1,DOWN,,Phase,FALSE,0,
24,PL_Product_BLR_TC_23_A_Act_Sub,PL_Cat_BLR,,,,PL_Manufacturer,PL_Style,,EA,1.15,1,DOWN,default,Phase,FALSE,0,
25,PL_Product_BLR_TC_23_A_Act_Sub,PL_Cat_BLR,,,,PL_Manufacturer,PL_Style,,EA,1.15,1,DOWN,,Phase,FALSE,0,
24,PL_Product_BLR_TC_23_A_Act_Sub_Act,,,,,PL_Manufacturer,PL_Style,,EA,1.15,1,DOWN,default,Phase,FALSE,0,
25,PL_Product_BLR_TC_23_A_Act_Sub_Act,,,,,PL_Manufacturer,PL_Style,,EA,1.15,1,DOWN,,Phase,FALSE,0,
24,PL_Product_BLR_TC_23_B,,,,,PL_Manufacturer,PL_Style,,EA,1.15,1,DOWN,default,Phase,FALSE,0,
25,PL_Product_BLR_TC_23_B,,,,,PL_Manufacturer,PL_Style,,EA,1.15,1,DOWN,,Phase,FALSE,0,
24,PL_Product_BLR_TC_24_A_Con,,,,,PL_Manufacturer,PL_Style,,EA,1.15,1,DOWN,default,Phase,FALSE,0,
25,PL_Product_BLR_TC_24_A_Con,,,,,PL_Manufacturer,PL_Style,,EA,1.15,1,DOWN,,Phase,FALSE,0,
24,PL_Product_BLR_TC_24_A_Con_SS,,,,,PL_Manufacturer,PL_Style,,EA,1.15,1,DOWN,default,Phase,FALSE,0,
25,PL_Product_BLR_TC_24_A_Con_SS,,,,,PL_Manufacturer,PL_Style,,EA,1.15,1,DOWN,,Phase,FALSE,0,
24,PL_Product_BLR_TC_24_A_Con_SS_Sub,PL_Cat_BLR,,,,PL_Manufacturer,PL_Style,,EA,1.15,1,DOWN,default,Phase,FALSE,0,
25,PL_Product_BLR_TC_24_A_Con_SS_Sub,PL_Cat_BLR,,,,PL_Manufacturer,PL_Style,,EA,1.15,1,DOWN,,Phase,FALSE,0,
24,PL_Product_BLR_TC_24_A_Con_SS_Sub_Act,,,,,PL_Manufacturer,PL_Style,,EA,1.15,1,DOWN,default,Phase,FALSE,0,
25,PL_Product_BLR_TC_24_A_Con_SS_Sub_Act,,,,,PL_Manufacturer,PL_Style,,EA,1.15,1,DOWN,,Phase,FALSE,0,
24,PL_Product_BLR_TC_24_B,,,,,PL_Manufacturer,PL_Style,,EA,1.15,1,DOWN,default,Phase,FALSE,0,
25,PL_Product_BLR_TC_24_B,,,,,PL_Manufacturer,PL_Style,,EA,1.15,1,DOWN,,Phase,FALSE,0,
24,PL_Product_BLR_TC_25_A_Act,PL_Cat_BLR,,,,PL_Manufacturer,PL_Style,,EA,1.15,1,DOWN,default,Phase,FALSE,0,
25,PL_Product_BLR_TC_25_A_Act,PL_Cat_BLR,,,,PL_Manufacturer,PL_Style,,EA,1.15,1,DOWN,,Phase,FALSE,0,
24,PL_Product_BLR_TC_25_A_Act_Act,PL_Cat_BLR,,,,PL_Manufacturer,PL_Style,,EA,1.15,1,DOWN,default,Phase,FALSE,0,
25,PL_Product_BLR_TC_25_A_Act_Act,PL_Cat_BLR,,,,PL_Manufacturer,PL_Style,,EA,1.15,1,DOWN,,Phase,FALSE,0,
24,PL_Product_BLR_TC_25_A_Act_Act_Act,,,,,PL_Manufacturer,PL_Style,,EA,1.15,1,DOWN,default,Phase,FALSE,0,
25,PL_Product_BLR_TC_25_A_Act_Act_Act,,,,,PL_Manufacturer,PL_Style,,EA,1.15,1,DOWN,,Phase,FALSE,0,
24,PL_Product_BLR_TC_25_B,,,,,PL_Manufacturer,PL_Style,,EA,1.15,1,DOWN,default,Phase,FALSE,0,
25,PL_Product_BLR_TC_25_B,,,,,PL_Manufacturer,PL_Style,,EA,1.15,1,DOWN,,Phase,FALSE,0,
24,PL_Product_BLR_TC_26_A_Act,PL_Cat_BLR,,,,PL_Manufacturer,PL_Style,,EA,1.15,1,DOWN,default,Phase,FALSE,0,
25,PL_Product_BLR_TC_26_A_Act,PL_Cat_BLR,,,,PL_Manufacturer,PL_Style,,EA,1.15,1,DOWN,,Phase,FALSE,0,
24,PL_Product_BLR_TC_26_A_Act_Act,,,,,PL_Manufacturer,PL_Style,,EA,1.15,1,DOWN,default,Phase,FALSE,0,
25,PL_Product_BLR_TC_26_A_Act_Act,,,,,PL_Manufacturer,PL_Style,,EA,1.15,1,DOWN,,Phase,FALSE,0,
24,PL_Product_BLR_TC_26_A_Act_Act_Sub,PL_Cat_BLR,,,,PL_Manufacturer,PL_Style,,EA,1.15,1,DOWN,default,Phase,FALSE,0,
25,PL_Product_BLR_TC_26_A_Act_Act_Sub,PL_Cat_BLR,,,,PL_Manufacturer,PL_Style,,EA,1.15,1,DOWN,,Phase,FALSE,0,
24,PL_Product_BLR_TC_26_A_Act_Act_Sub_Act_1,,,,,PL_Manufacturer,PL_Style,,EA,1.15,1,DOWN,default,Phase,FALSE,0,
25,PL_Product_BLR_TC_26_A_Act_Act_Sub_Act_1,,,,,PL_Manufacturer,PL_Style,,EA,1.15,1,DOWN,,Phase,FALSE,0,
24,PL_Product_BLR_TC_26_A_Act_Act_Sub_Act_2,,,,,PL_Manufacturer,PL_Style,,EA,1.15,1,DOWN,default,Phase,FALSE,0,
25,PL_Product_BLR_TC_26_A_Act_Act_Sub_Act_2,,,,,PL_Manufacturer,PL_Style,,EA,1.15,1,DOWN,,Phase,FALSE,0,
24,PL_Product_BLR_TC_26_B,,,,,PL_Manufacturer,PL_Style,,EA,1.15,1,DOWN,default,Phase,FALSE,0,
25,PL_Product_BLR_TC_26_B,,,,,PL_Manufacturer,PL_Style,,EA,1.15,1,DOWN,,Phase,FALSE,0,
24,PL_Product_BLR_TC_27_A_Act,PL_Cat_BLR,,,,PL_Manufacturer,PL_Style,,EA,1.15,1,DOWN,default,Phase,FALSE,0,
25,PL_Product_BLR_TC_27_A_Act,PL_Cat_BLR,,,,PL_Manufacturer,PL_Style,,EA,1.15,1,DOWN,,Phase,FALSE,0,
24,PL_Product_BLR_TC_27_A_Act_2,PL_Cat_BLR,,,,PL_Manufacturer,PL_Style,,EA,1.15,1,DOWN,default,Phase,FALSE,0,
25,PL_Product_BLR_TC_27_A_Act_2,PL_Cat_BLR,,,,PL_Manufacturer,PL_Style,,EA,1.15,1,DOWN,,Phase,FALSE,0,
24,PL_Product_BLR_TC_27_A_Act_SS,,,,,PL_Manufacturer,PL_Style,,EA,1.15,1,DOWN,default,Phase,FALSE,0,
25,PL_Product_BLR_TC_27_A_Act_SS,,,,,PL_Manufacturer,PL_Style,,EA,1.15,1,DOWN,,Phase,FALSE,0,
24,PL_Product_BLR_TC_27_A_Act_SS_Sub,PL_Cat_BLR,,,,PL_Manufacturer,PL_Style,,EA,1.15,1,DOWN,default,Phase,FALSE,0,
25,PL_Product_BLR_TC_27_A_Act_SS_Sub,PL_Cat_BLR,,,,PL_Manufacturer,PL_Style,,EA,1.15,1,DOWN,,Phase,FALSE,0,
24,PL_Product_BLR_TC_27_A_Act_SS_Sub_Act,,,,,PL_Manufacturer,PL_Style,,EA,1.15,1,DOWN,default,Phase,FALSE,0,
25,PL_Product_BLR_TC_27_A_Act_SS_Sub_Act,,,,,PL_Manufacturer,PL_Style,,EA,1.15,1,DOWN,,Phase,FALSE,0,
24,PL_Product_BLR_TC_27_B,,,,,PL_Manufacturer,PL_Style,,EA,1.15,1,DOWN,default,Phase,FALSE,0,
25,PL_Product_BLR_TC_27_B,,,,,PL_Manufacturer,PL_Style,,EA,1.15,1,DOWN,,Phase,FALSE,0,
24,PL_Product_BLR_TC_28_A_Act,PL_Cat_BLR,,,,PL_Manufacturer,PL_Style,,EA,1.15,1,DOWN,default,Phase,FALSE,0,
25,PL_Product_BLR_TC_28_A_Act,PL_Cat_BLR,,,,PL_Manufacturer,PL_Style,,EA,1.15,1,DOWN,,Phase,FALSE,0,
24,PL_Product_BLR_TC_28_A_Act_Sub,PL_Cat_BLR,,,,PL_Manufacturer,PL_Style,,EA,1.15,1,DOWN,default,Phase,FALSE,0,
25,PL_Product_BLR_TC_28_A_Act_Sub,PL_Cat_BLR,,,,PL_Manufacturer,PL_Style,,EA,1.15,1,DOWN,,Phase,FALSE,0,
24,PL_Product_BLR_TC_28_A_Act_Sub_Act,PL_Cat_BLR,,,,PL_Manufacturer,PL_Style,,EA,1.15,1,DOWN,default,Phase,FALSE,0,
25,PL_Product_BLR_TC_28_A_Act_Sub_Act,PL_Cat_BLR,,,,PL_Manufacturer,PL_Style,,EA,1.15,1,DOWN,,Phase,FALSE,0,
24,PL_Product_BLR_TC_28_B,,,,,PL_Manufacturer,PL_Style,,EA,1.15,1,DOWN,default,Phase,FALSE,0,
25,PL_Product_BLR_TC_28_B,,,,,PL_Manufacturer,PL_Style,,EA,1.15,1,DOWN,,Phase,FALSE,0,
24,PL_Product_BLR_TC_29_A_Act_1,PL_Cat_BLR,,,,PL_Manufacturer,PL_Style,,EA,1.15,1,DOWN,default,Phase,FALSE,0,
25,PL_Product_BLR_TC_29_A_Act_1,PL_Cat_BLR,,,,PL_Manufacturer,PL_Style,,EA,1.15,1,DOWN,,Phase,FALSE,0,
24,PL_Product_BLR_TC_29_A_Act_2,PL_Cat_BLR,,,,PL_Manufacturer,PL_Style,,EA,1.15,1,DOWN,default,Phase,FALSE,0,
25,PL_Product_BLR_TC_29_A_Act_2,PL_Cat_BLR,,,,PL_Manufacturer,PL_Style,,EA,1.15,1,DOWN,,Phase,FALSE,0,
24,PL_Product_BLR_TC_29_A_Act_3,PL_Cat_BLR,,,,PL_Manufacturer,PL_Style,,EA,1.15,1,DOWN,default,Phase,FALSE,0,
25,PL_Product_BLR_TC_29_A_Act_3,PL_Cat_BLR,,,,PL_Manufacturer,PL_Style,,EA,1.15,1,DOWN,,Phase,FALSE,0,
24,PL_Product_BLR_TC_29_B,,,,,PL_Manufacturer,PL_Style,,EA,1.15,1,DOWN,default,Phase,FALSE,0,
25,PL_Product_BLR_TC_29_B,,,,,PL_Manufacturer,PL_Style,,EA,1.15,1,DOWN,,Phase,FALSE,0,
24,PL_Product_BLR_TC_30_A_Con_1,PL_Cat_BLR,,,,PL_Manufacturer,PL_Style,,EA,1.15,1,DOWN,default,Phase,FALSE,0,
25,PL_Product_BLR_TC_30_A_Con_1,PL_Cat_BLR,,,,PL_Manufacturer,PL_Style,,EA,1.15,1,DOWN,,Phase,FALSE,0,
24,PL_Product_BLR_TC_30_A_Con_2,PL_Cat_BLR,,,,PL_Manufacturer,PL_Style,,EA,1.15,1,DOWN,default,Phase,FALSE,0,
25,PL_Product_BLR_TC_30_A_Con_2,PL_Cat_BLR,,,,PL_Manufacturer,PL_Style,,EA,1.15,1,DOWN,,Phase,FALSE,0,
24,PL_Product_BLR_TC_30_A_Con_3,PL_Cat_BLR,,,,PL_Manufacturer,PL_Style,,EA,1.15,1,DOWN,default,Phase,FALSE,0,
25,PL_Product_BLR_TC_30_A_Con_3,PL_Cat_BLR,,,,PL_Manufacturer,PL_Style,,EA,1.15,1,DOWN,,Phase,FALSE,0,
24,PL_Product_BLR_TC_30_A_Act,PL_Cat_BLR,,,,PL_Manufacturer,PL_Style,,EA,1.15,1,DOWN,default,Phase,FALSE,0,
25,PL_Product_BLR_TC_30_A_Act,PL_Cat_BLR,,,,PL_Manufacturer,PL_Style,,EA,1.15,1,DOWN,,Phase,FALSE,0,
24,PL_Product_BLR_TC_30_B,,,,,PL_Manufacturer,PL_Style,,EA,1.15,1,DOWN,default,Phase,FALSE,0,
25,PL_Product_BLR_TC_30_B,,,,,PL_Manufacturer,PL_Style,,EA,1.15,1,DOWN,,Phase,FALSE,0,
24,PL_Product_BLR_TC_31_A_Con,PL_Cat_BLR,,,,PL_Manufacturer,PL_Style,,EA,1.15,1,DOWN,default,Phase,FALSE,0,
25,PL_Product_BLR_TC_31_A_Con,PL_Cat_BLR,,,,PL_Manufacturer,PL_Style,,EA,1.15,1,DOWN,,Phase,FALSE,0,
24,PL_Product_BLR_TC_31_A_Act_1,,,,,PL_Manufacturer,PL_Style,,EA,1.15,1,DOWN,default,Phase,FALSE,0,
25,PL_Product_BLR_TC_31_A_Act_1,,,,,PL_Manufacturer,PL_Style,,EA,1.15,1,DOWN,,Phase,FALSE,0,
24,PL_Product_BLR_TC_31_A_Act_2,,,,,PL_Manufacturer,PL_Style,,EA,1.15,1,DOWN,default,Phase,FALSE,0,
25,PL_Product_BLR_TC_31_A_Act_2,,,,,PL_Manufacturer,PL_Style,,EA,1.15,1,DOWN,,Phase,FALSE,0,
24,PL_Product_BLR_TC_31_A_Act_2_Sub,,,,,PL_Manufacturer,PL_Style,,EA,1.15,1,DOWN,default,Phase,FALSE,0,
25,PL_Product_BLR_TC_31_A_Act_2_Sub,,,,,PL_Manufacturer,PL_Style,,EA,1.15,1,DOWN,,Phase,FALSE,0,
24,PL_Product_BLR_TC_31_A_Act_3,,,,,PL_Manufacturer,PL_Style,,EA,1.15,1,DOWN,default,Phase,FALSE,0,
25,PL_Product_BLR_TC_31_A_Act_3,,,,,PL_Manufacturer,PL_Style,,EA,1.15,1,DOWN,,Phase,FALSE,0,
24,PL_Product_BLR_TC_31_A_Act_4,,,,,PL_Manufacturer,PL_Style,,EA,1.15,1,DOWN,default,Phase,FALSE,0,
25,PL_Product_BLR_TC_31_A_Act_4,,,,,PL_Manufacturer,PL_Style,,EA,1.15,1,DOWN,,Phase,FALSE,0,
24,PL_Product_BLR_TC_31_B,,,,,PL_Manufacturer,PL_Style,,EA,1.15,1,DOWN,default,Phase,FALSE,0,
25,PL_Product_BLR_TC_31_B,,,,,PL_Manufacturer,PL_Style,,EA,1.15,1,DOWN,,Phase,FALSE,0,
24,PL_Product_BLR_TC_32_B,,,,,PL_Manufacturer,PL_Style,,EA,1.15,1,DOWN,default,Phase,FALSE,0,
25,PL_Product_BLR_TC_32_B,,,,,PL_Manufacturer,PL_Style,,EA,1.15,1,DOWN,,Phase,FALSE,0,
24,PL_Product_BLR_TC_33_B_1,PL_Cat_BLR,,,,PL_Manufacturer,PL_Style,,EA,1.15,1,DOWN,default,Phase,FALSE,0,
25,PL_Product_BLR_TC_33_B_1,PL_Cat_BLR,,,,PL_Manufacturer,PL_Style,,EA,1.15,1,DOWN,,Phase,FALSE,0,
24,PL_Product_BLR_TC_33_B_2,PL_Cat_BLR,,,,PL_Manufacturer,PL_Style,,EA,1.15,1,DOWN,default,Phase,FALSE,0,
25,PL_Product_BLR_TC_33_B_2,PL_Cat_BLR,,,,PL_Manufacturer,PL_Style,,EA,1.15,1,DOWN,,Phase,FALSE,0,
24,PL_Product_BLR_TC_33_B_3,,,,,PL_Manufacturer,PL_Style,,EA,1.15,1,DOWN,default,Phase,FALSE,0,
25,PL_Product_BLR_TC_33_B_3,,,,,PL_Manufacturer,PL_Style,,EA,1.15,1,DOWN,,Phase,FALSE,0,
24,PL_Product_BLR_TC_34_B,,,,,PL_Manufacturer,PL_Style,,EA,1.15,1,DOWN,default,Phase,FALSE,0,
25,PL_Product_BLR_TC_34_B,,,,,PL_Manufacturer,PL_Style,,EA,1.15,1,DOWN,,Phase,FALSE,0,
24,PL_Product_BLR_TC_35_Option_Qty,,,,,PL_Manufacturer,PL_Style,,EA,1.15,1,DOWN,default,Phase,FALSE,0,
25,PL_Product_BLR_TC_35_Option_Qty,,,,,PL_Manufacturer,PL_Style,,EA,1.15,1,DOWN,,Phase,FALSE,0,
24,PL_Product_BLR_TC_35_House_Qty,,,,,PL_Manufacturer,PL_Style,,EA,1.15,1,DOWN,default,Phase,FALSE,0,
25,PL_Product_BLR_TC_35_House_Qty,,,,,PL_Manufacturer,PL_Style,,EA,1.15,1,DOWN,,Phase,FALSE,0,
24,PL_Product_BLR_TC_35_A_Con_1,PL_Cat_BLR,,,,PL_Manufacturer,PL_Style,,EA,1.15,1,DOWN,default,Phase,FALSE,0,
25,PL_Product_BLR_TC_35_A_Con_1,PL_Cat_BLR,,,,PL_Manufacturer,PL_Style,,EA,1.15,1,DOWN,,Phase,FALSE,0,
24,PL_Product_BLR_TC_35_A_Act_1,PL_Cat_BLR,,,,PL_Manufacturer,PL_Style,,EA,1.15,1,DOWN,default,Phase,FALSE,0,
25,PL_Product_BLR_TC_35_A_Act_1,PL_Cat_BLR,,,,PL_Manufacturer,PL_Style,,EA,1.15,1,DOWN,,Phase,FALSE,0,
24,PL_Product_BLR_TC_35_A_Act_Act_1,,,,,PL_Manufacturer,PL_Style,,EA,1.15,1,DOWN,default,Phase,FALSE,0,
25,PL_Product_BLR_TC_35_A_Act_Act_1,,,,,PL_Manufacturer,PL_Style,,EA,1.15,1,DOWN,,Phase,FALSE,0,
24,PL_Product_BLR_TC_35_A_Act_Act_Sub_1,PL_Cat_BLR,,,,PL_Manufacturer,PL_Style,,EA,1.15,1,DOWN,default,Phase,FALSE,0,
25,PL_Product_BLR_TC_35_A_Act_Act_Sub_1,PL_Cat_BLR,,,,PL_Manufacturer,PL_Style,,EA,1.15,1,DOWN,,Phase,FALSE,0,
24,PL_Product_BLR_TC_35_A_Act_Act_Sub_Act_1,,,,,PL_Manufacturer,PL_Style,,EA,1.15,1,DOWN,default,Phase,FALSE,0,
25,PL_Product_BLR_TC_35_A_Act_Act_Sub_Act_1,,,,,PL_Manufacturer,PL_Style,,EA,1.15,1,DOWN,,Phase,FALSE,0,
24,PL_Product_BLR_TC_35_B,,,,,PL_Manufacturer,PL_Style,,EA,1.15,1,DOWN,default,Phase,FALSE,0,
25,PL_Product_BLR_TC_35_B,,,,,PL_Manufacturer,PL_Style,,EA,1.15,1,DOWN,,Phase,FALSE,0,
24,PL_Product_BLR_TC_35_A_Con_2,PL_Cat_BLR,,,,PL_Manufacturer,PL_Style,,EA,1.15,1,DOWN,default,Phase,FALSE,0,
25,PL_Product_BLR_TC_35_A_Con_2,PL_Cat_BLR,,,,PL_Manufacturer,PL_Style,,EA,1.15,1,DOWN,,Phase,FALSE,0,
24,PL_Product_BLR_TC_35_A_Act_2,PL_Cat_BLR,,,,PL_Manufacturer,PL_Style,,EA,1.15,1,DOWN,default,Phase,FALSE,0,
25,PL_Product_BLR_TC_35_A_Act_2,PL_Cat_BLR,,,,PL_Manufacturer,PL_Style,,EA,1.15,1,DOWN,,Phase,FALSE,0,
24,PL_Product_BLR_TC_35_A_Act_SS_2,,,,,PL_Manufacturer,PL_Style,,EA,1.15,1,DOWN,default,Phase,FALSE,0,
25,PL_Product_BLR_TC_35_A_Act_SS_2,,,,,PL_Manufacturer,PL_Style,,EA,1.15,1,DOWN,,Phase,FALSE,0,
24,PL_Product_BLR_TC_35_A_Act_SS_Sub_2,PL_Cat_BLR,,,,PL_Manufacturer,PL_Style,,EA,1.15,1,DOWN,default,Phase,FALSE,0,
25,PL_Product_BLR_TC_35_A_Act_SS_Sub_2,PL_Cat_BLR,,,,PL_Manufacturer,PL_Style,,EA,1.15,1,DOWN,,Phase,FALSE,0,
24,PL_Product_BLR_TC_35_A_Act_SS_Sub_Act_2,,,,,PL_Manufacturer,PL_Style,,EA,1.15,1,DOWN,default,Phase,FALSE,0,
25,PL_Product_BLR_TC_35_A_Act_SS_Sub_Act_2,,,,,PL_Manufacturer,PL_Style,,EA,1.15,1,DOWN,,Phase,FALSE,0,
24,PL_Product_BLR_TC_35_A_Con_3,PL_Cat_BLR,,,,PL_Manufacturer,PL_Style,,EA,1.15,1,DOWN,default,Phase,FALSE,0,
25,PL_Product_BLR_TC_35_A_Con_3,PL_Cat_BLR,,,,PL_Manufacturer,PL_Style,,EA,1.15,1,DOWN,,Phase,FALSE,0,
24,PL_Product_BLR_TC_36_A_Act_1,,,,,PL_Manufacturer,PL_Style,,EA,1.15,1,DOWN,default,Phase,FALSE,0,
25,PL_Product_BLR_TC_36_A_Act_1,,,,,PL_Manufacturer,PL_Style,,EA,1.15,1,DOWN,,Phase,FALSE,0,
24,PL_Product_BLR_TC_36_A_Act_2,,,,,PL_Manufacturer,PL_Style,,EA,1.15,1,DOWN,default,Phase,FALSE,0,
25,PL_Product_BLR_TC_36_A_Act_2,,,,,PL_Manufacturer,PL_Style,,EA,1.15,1,DOWN,,Phase,FALSE,0,
24,PL_Product_BLR_TC_36_B,,,,,PL_Manufacturer,PL_Style,,EA,1.15,1,DOWN,default,Phase,FALSE,0,
25,PL_Product_BLR_TC_36_B,,,,,PL_Manufacturer,PL_Style,,EA,1.15,1,DOWN,,Phase,FALSE,0,
24,PL_Product_BLR_TC_37_A_Con,PL_Cat_BLR,,,,PL_Manufacturer,PL_Style,,EA,1.15,1,DOWN,default,Phase,FALSE,0,
25,PL_Product_BLR_TC_37_A_Con,PL_Cat_BLR,,,,PL_Manufacturer,PL_Style,,EA,1.15,1,DOWN,,Phase,FALSE,0,
24,PL_Product_BLR_TC_37_A_Act_1,PL_Cat_BLR,,,,PL_Manufacturer,PL_Style,,EA,1.15,1,DOWN,default,Phase,FALSE,0,
25,PL_Product_BLR_TC_37_A_Act_1,PL_Cat_BLR,,,,PL_Manufacturer,PL_Style,,EA,1.15,1,DOWN,,Phase,FALSE,0,
24,PL_Product_BLR_TC_37_A_Act_Act_1,,,,,PL_Manufacturer,PL_Style,,EA,1.15,1,DOWN,default,Phase,FALSE,0,
25,PL_Product_BLR_TC_37_A_Act_Act_1,,,,,PL_Manufacturer,PL_Style,,EA,1.15,1,DOWN,,Phase,FALSE,0,
24,PL_Product_BLR_TC_37_A_Act_Act_Sub_1,PL_Cat_BLR,,,,PL_Manufacturer,PL_Style,,EA,1.15,1,DOWN,default,Phase,FALSE,0,
25,PL_Product_BLR_TC_37_A_Act_Act_Sub_1,PL_Cat_BLR,,,,PL_Manufacturer,PL_Style,,EA,1.15,1,DOWN,,Phase,FALSE,0,
24,PL_Product_BLR_TC_37_A_Act_Act_Sub_Act_1,PL_Cat_BLR,,,,PL_Manufacturer,PL_Style,,EA,1.15,1,DOWN,default,Phase,FALSE,0,
25,PL_Product_BLR_TC_37_A_Act_Act_Sub_Act_1,PL_Cat_BLR,,,,PL_Manufacturer,PL_Style,,EA,1.15,1,DOWN,,Phase,FALSE,0,
24,PL_Product_BLR_TC_37_A_Act_Act_Sub_Act_Act_1,,,,,PL_Manufacturer,PL_Style,,EA,1.15,1,DOWN,default,Phase,FALSE,0,
25,PL_Product_BLR_TC_37_A_Act_Act_Sub_Act_Act_1,,,,,PL_Manufacturer,PL_Style,,EA,1.15,1,DOWN,,Phase,FALSE,0,
24,PL_Product_BLR_TC_37_A_Act_2,PL_Cat_BLR,,,,PL_Manufacturer,PL_Style,,EA,1.15,1,DOWN,default,Phase,FALSE,0,
25,PL_Product_BLR_TC_37_A_Act_2,PL_Cat_BLR,,,,PL_Manufacturer,PL_Style,,EA,1.15,1,DOWN,,Phase,FALSE,0,
24,PL_Product_BLR_TC_37_A_Act_Act_2,PL_Cat_BLR,,,,PL_Manufacturer,PL_Style,,EA,1.15,1,DOWN,default,Phase,FALSE,0,
25,PL_Product_BLR_TC_37_A_Act_Act_2,PL_Cat_BLR,,,,PL_Manufacturer,PL_Style,,EA,1.15,1,DOWN,,Phase,FALSE,0,
24,PL_Product_BLR_TC_37_A_Act_Act_Act_2,,,,,PL_Manufacturer,PL_Style,,EA,1.15,1,DOWN,default,Phase,FALSE,0,
25,PL_Product_BLR_TC_37_A_Act_Act_Act_2,,,,,PL_Manufacturer,PL_Style,,EA,1.15,1,DOWN,,Phase,FALSE,0,
24,PL_Product_BLR_TC_37_B,,,,,PL_Manufacturer,PL_Style,,EA,1.15,1,DOWN,default,Phase,FALSE,0,
25,PL_Product_BLR_TC_37_B,,,,,PL_Manufacturer,PL_Style,,EA,1.15,1,DOWN,,Phase,FALSE,0,
24,PL_Product_BLR_TC_38_Option_Qty,,,,,PL_Manufacturer,PL_Style,,EA,1.15,1,DOWN,default,Phase,FALSE,0,
25,PL_Product_BLR_TC_38_Option_Qty,,,,,PL_Manufacturer,PL_Style,,EA,1.15,1,DOWN,,Phase,FALSE,0,
24,PL_Product_BLR_TC_38_House_Qty,,,,,PL_Manufacturer,PL_Style,,EA,1.15,1,DOWN,default,Phase,FALSE,0,
25,PL_Product_BLR_TC_38_House_Qty,,,,,PL_Manufacturer,PL_Style,,EA,1.15,1,DOWN,,Phase,FALSE,0,
24,PL_Product_BLR_TC_38_A_Con,PL_Cat_BLR,,,,PL_Manufacturer,PL_Style,,EA,1.15,1,DOWN,default,Phase,FALSE,0,
25,PL_Product_BLR_TC_38_A_Con,PL_Cat_BLR,,,,PL_Manufacturer,PL_Style,,EA,1.15,1,DOWN,,Phase,FALSE,0,
24,PL_Product_BLR_TC_38_A_Con_SS,,,,,PL_Manufacturer,PL_Style,,EA,1.15,1,DOWN,default,Phase,FALSE,0,
25,PL_Product_BLR_TC_38_A_Con_SS,,,,,PL_Manufacturer,PL_Style,,EA,1.15,1,DOWN,,Phase,FALSE,0,
24,PL_Product_BLR_TC_38_A_Con_SS_Sub,,,,,PL_Manufacturer,PL_Style,,EA,1.15,1,DOWN,default,Phase,FALSE,0,
25,PL_Product_BLR_TC_38_A_Con_SS_Sub,,,,,PL_Manufacturer,PL_Style,,EA,1.15,1,DOWN,,Phase,FALSE,0,
24,PL_Product_BLR_TC_38_A_Con_SS_Sub_Act,,,,,PL_Manufacturer,PL_Style,,EA,1.15,1,DOWN,default,Phase,FALSE,0,
25,PL_Product_BLR_TC_38_A_Con_SS_Sub_Act,,,,,PL_Manufacturer,PL_Style,,EA,1.15,1,DOWN,,Phase,FALSE,0,
24,PL_Product_BLR_TC_38_A_Act,PL_Cat_BLR,,,,PL_Manufacturer,PL_Style,,EA,1.15,1,DOWN,default,Phase,FALSE,0,
25,PL_Product_BLR_TC_38_A_Act,PL_Cat_BLR,,,,PL_Manufacturer,PL_Style,,EA,1.15,1,DOWN,,Phase,FALSE,0,
24,PL_Product_BLR_TC_38_A_Act_Act,PL_Cat_BLR,,,,PL_Manufacturer,PL_Style,,EA,1.15,1,DOWN,default,Phase,FALSE,0,
25,PL_Product_BLR_TC_38_A_Act_Act,PL_Cat_BLR,,,,PL_Manufacturer,PL_Style,,EA,1.15,1,DOWN,,Phase,FALSE,0,
24,PL_Product_BLR_TC_38_A_Act_Act_Act,PL_Cat_BLR,,,,PL_Manufacturer,PL_Style,,EA,1.15,1,DOWN,default,Phase,FALSE,0,
25,PL_Product_BLR_TC_38_A_Act_Act_Act,PL_Cat_BLR,,,,PL_Manufacturer,PL_Style,,EA,1.15,1,DOWN,,Phase,FALSE,0,
24,PL_Product_BLR_TC_38_A_Act_Act_Act_Act,,,,,PL_Manufacturer,PL_Style,,EA,1.15,1,DOWN,default,Phase,FALSE,0,
25,PL_Product_BLR_TC_38_A_Act_Act_Act_Act,,,,,PL_Manufacturer,PL_Style,,EA,1.15,1,DOWN,,Phase,FALSE,0,
24,PL_Product_BLR_TC_38_B,,,,,PL_Manufacturer,PL_Style,,EA,1.15,1,DOWN,default,Phase,FALSE,0,
25,PL_Product_BLR_TC_38_B,,,,,PL_Manufacturer,PL_Style,,EA,1.15,1,DOWN,,Phase,FALSE,0,
24,PL_Product_BLR_TC_39_A_Act,PL_Cat_BLR,,,,PL_Manufacturer,PL_Style,,EA,1.15,1,DOWN,default,Phase,FALSE,0,
25,PL_Product_BLR_TC_39_A_Act,PL_Cat_BLR,,,,PL_Manufacturer,PL_Style,,EA,1.15,1,DOWN,,Phase,FALSE,0,
24,PL_Product_BLR_TC_39_A_Act_Act,PL_Cat_BLR,,,,PL_Manufacturer,PL_Style,,EA,1.15,1,DOWN,default,Phase,FALSE,0,
25,PL_Product_BLR_TC_39_A_Act_Act,PL_Cat_BLR,,,,PL_Manufacturer,PL_Style,,EA,1.15,1,DOWN,,Phase,FALSE,0,
24,PL_Product_BLR_TC_39_A_Act_Act_Act,PL_Cat_BLR,,,,PL_Manufacturer,PL_Style,,EA,1.15,1,DOWN,default,Phase,FALSE,0,
25,PL_Product_BLR_TC_39_A_Act_Act_Act,PL_Cat_BLR,,,,PL_Manufacturer,PL_Style,,EA,1.15,1,DOWN,,Phase,FALSE,0,
24,PL_Product_BLR_TC_39_A_Act_Act_Act_Act,,,,,PL_Manufacturer,PL_Style,,EA,1.15,1,DOWN,default,Phase,FALSE,0,
25,PL_Product_BLR_TC_39_A_Act_Act_Act_Act,,,,,PL_Manufacturer,PL_Style,,EA,1.15,1,DOWN,,Phase,FALSE,0,
24,PL_Product_BLR_TC_39_A_Act_2,PL_Cat_BLR,,,,PL_Manufacturer,PL_Style,,EA,1.15,1,DOWN,default,Phase,FALSE,0,
25,PL_Product_BLR_TC_39_A_Act_2,PL_Cat_BLR,,,,PL_Manufacturer,PL_Style,,EA,1.15,1,DOWN,,Phase,FALSE,0,
24,PL_Product_BLR_TC_39_A_Act_Act_2,,,,,PL_Manufacturer,PL_Style,,EA,1.15,1,DOWN,default,Phase,FALSE,0,
25,PL_Product_BLR_TC_39_A_Act_Act_2,,,,,PL_Manufacturer,PL_Style,,EA,1.15,1,DOWN,,Phase,FALSE,0,
24,PL_Product_BLR_TC_39_B,,,,,PL_Manufacturer,PL_Style,,EA,1.15,1,DOWN,default,Phase,FALSE,0,
25,PL_Product_BLR_TC_39_B,,,,,PL_Manufacturer,PL_Style,,EA,1.15,1,DOWN,,Phase,FALSE,0,
24,PL_Product_BLR_TC_40_A_Con,PL_Cat_BLR,,,,PL_Manufacturer,PL_Style,,EA,1.15,1,DOWN,default,Phase,FALSE,0,
25,PL_Product_BLR_TC_40_A_Con,PL_Cat_BLR,,,,PL_Manufacturer,PL_Style,,EA,1.15,1,DOWN,,Phase,FALSE,0,
24,PL_Product_BLR_TC_40_A_Act,,,,,PL_Manufacturer,PL_Style,,EA,1.15,1,DOWN,default,Phase,FALSE,0,
25,PL_Product_BLR_TC_40_A_Act,,,,,PL_Manufacturer,PL_Style,,EA,1.15,1,DOWN,,Phase,FALSE,0,
24,PL_Product_BLR_TC_40_B,,,,,PL_Manufacturer,PL_Style,,EA,1.15,1,DOWN,default,Phase,FALSE,0,
25,PL_Product_BLR_TC_40_B,,,,,PL_Manufacturer,PL_Style,,EA,1.15,1,DOWN,,Phase,FALSE,0,
25,PL_Product_BLR_TC_41_A_Con,PL_Cat_BLR,,,,PL_Manufacturer,PL_Style,,EA,1.15,1,DOWN,,Phase,FALSE,0,
24,PL_Product_BLR_TC_41_A_Con,PL_Cat_BLR,,,,PL_Manufacturer,PL_Style,,EA,1.15,1,DOWN,default,Phase,FALSE,0,
24,PL_Product_BLR_TC_41_A_Act_1,PL_Cat_BLR,,,,PL_Manufacturer,PL_Style,,EA,1.15,1,DOWN,default,Phase,FALSE,0,
25,PL_Product_BLR_TC_41_A_Act_1,PL_Cat_BLR,,,,PL_Manufacturer,PL_Style,,EA,1.15,1,DOWN,,Phase,FALSE,0,
24,PL_Product_BLR_TC_41_A_Act_2,PL_Cat_BLR,,,,PL_Manufacturer,PL_Style,,EA,1.15,1,DOWN,default,Phase,FALSE,0,
25,PL_Product_BLR_TC_41_A_Act_2,PL_Cat_BLR,,,,PL_Manufacturer,PL_Style,,EA,1.15,1,DOWN,,Phase,FALSE,0,
24,PL_Product_BLR_TC_41_A_Act_Act_1,,,,,PL_Manufacturer,PL_Style,,EA,1.15,1,DOWN,default,Phase,FALSE,0,
25,PL_Product_BLR_TC_41_A_Act_Act_1,,,,,PL_Manufacturer,PL_Style,,EA,1.15,1,DOWN,,Phase,FALSE,0,
24,PL_Product_BLR_TC_41_A_Act_Act_2,,,,,PL_Manufacturer,PL_Style,,EA,1.15,1,DOWN,default,Phase,FALSE,0,
25,PL_Product_BLR_TC_41_A_Act_Act_2,,,,,PL_Manufacturer,PL_Style,,EA,1.15,1,DOWN,,Phase,FALSE,0,
24,PL_Product_BLR_TC_41_B,,,,,PL_Manufacturer,PL_Style,,EA,1.15,1,DOWN,default,Phase,FALSE,0,
25,PL_Product_BLR_TC_41_B,,,,,PL_Manufacturer,PL_Style,,EA,1.15,1,DOWN,,Phase,FALSE,0,
24,PL_Product_BLR_TC_42_A_Act,,,,,PL_Manufacturer,PL_Style,,EA,1.15,1,DOWN,default,Phase,FALSE,0,
25,PL_Product_BLR_TC_42_A_Act,,,,,PL_Manufacturer,PL_Style,,EA,1.15,1,DOWN,,Phase,FALSE,0,
24,PL_Product_BLR_TC_42_A_Act_Rev,,,,,PL_Manufacturer,PL_Style,,EA,1.15,1,DOWN,default,Phase,FALSE,0,
25,PL_Product_BLR_TC_42_A_Act_Rev,,,,,PL_Manufacturer,PL_Style,,EA,1.15,1,DOWN,,Phase,FALSE,0,
24,PL_Product_BLR_TC_42_B,,,,,PL_Manufacturer,PL_Style,,EA,1.15,1,DOWN,default,Phase,FALSE,0,
25,PL_Product_BLR_TC_42_B,,,,,PL_Manufacturer,PL_Style,,EA,1.15,1,DOWN,,Phase,FALSE,0,
24,PL_Product_BLR_TC_43_A_Con,PL_Cat_BLR,,,,PL_Manufacturer,PL_Style,,EA,1.15,1,DOWN,default,Phase,FALSE,0,
25,PL_Product_BLR_TC_43_A_Con,PL_Cat_BLR,,,,PL_Manufacturer,PL_Style,,EA,1.15,1,DOWN,,Phase,FALSE,0,
24,PL_Product_BLR_TC_43_A_Con_Rev,PL_Cat_BLR,,,,PL_Manufacturer,PL_Style,,EA,1.15,1,DOWN,default,Phase,FALSE,0,
25,PL_Product_BLR_TC_43_A_Con_Rev,PL_Cat_BLR,,,,PL_Manufacturer,PL_Style,,EA,1.15,1,DOWN,,Phase,FALSE,0,
24,PL_Product_BLR_TC_43_A_Act,PL_Cat_BLR,,,,PL_Manufacturer,PL_Style,,EA,1.15,1,DOWN,default,Phase,FALSE,0,
25,PL_Product_BLR_TC_43_A_Act,PL_Cat_BLR,,,,PL_Manufacturer,PL_Style,,EA,1.15,1,DOWN,,Phase,FALSE,0,
24,PL_Product_BLR_TC_43_A_Act_Act,,,,,PL_Manufacturer,PL_Style,,EA,1.15,1,DOWN,default,Phase,FALSE,0,
25,PL_Product_BLR_TC_43_A_Act_Act,,,,,PL_Manufacturer,PL_Style,,EA,1.15,1,DOWN,,Phase,FALSE,0,
24,PL_Product_BLR_TC_43_A_Act_Act_Sub,PL_Cat_BLR,,,,PL_Manufacturer,PL_Style,,EA,1.15,1,DOWN,default,Phase,FALSE,0,
25,PL_Product_BLR_TC_43_A_Act_Act_Sub,PL_Cat_BLR,,,,PL_Manufacturer,PL_Style,,EA,1.15,1,DOWN,,Phase,FALSE,0,
24,PL_Product_BLR_TC_43_A_Act_Act_Sub_Rev,PL_Cat_BLR,,,,PL_Manufacturer,PL_Style,,EA,1.15,1,DOWN,default,Phase,FALSE,0,
25,PL_Product_BLR_TC_43_A_Act_Act_Sub_Rev,PL_Cat_BLR,,,,PL_Manufacturer,PL_Style,,EA,1.15,1,DOWN,,Phase,FALSE,0,
24,PL_Product_BLR_TC_43_A_Act_Act_Sub_Act_1,,,,,PL_Manufacturer,PL_Style,,EA,1.15,1,DOWN,default,Phase,FALSE,0,
25,PL_Product_BLR_TC_43_A_Act_Act_Sub_Act_1,,,,,PL_Manufacturer,PL_Style,,EA,1.15,1,DOWN,,Phase,FALSE,0,
24,PL_Product_BLR_TC_43_A_Act_Act_Sub_Act_2,,,,,PL_Manufacturer,PL_Style,,EA,1.15,1,DOWN,default,Phase,FALSE,0,
25,PL_Product_BLR_TC_43_A_Act_Act_Sub_Act_2,,,,,PL_Manufacturer,PL_Style,,EA,1.15,1,DOWN,,Phase,FALSE,0,
24,PL_Product_BLR_TC_43_A_Act_Act_Sub_Act_Rev_1,,,,,PL_Manufacturer,PL_Style,,EA,1.15,1,DOWN,default,Phase,FALSE,0,
25,PL_Product_BLR_TC_43_A_Act_Act_Sub_Act_Rev_1,,,,,PL_Manufacturer,PL_Style,,EA,1.15,1,DOWN,,Phase,FALSE,0,
24,PL_Product_BLR_TC_43_A_Act_Act_Sub_Act_Rev_2,,,,,PL_Manufacturer,PL_Style,,EA,1.15,1,DOWN,default,Phase,FALSE,0,
25,PL_Product_BLR_TC_43_A_Act_Act_Sub_Act_Rev_2,,,,,PL_Manufacturer,PL_Style,,EA,1.15,1,DOWN,,Phase,FALSE,0,
24,PL_Product_BLR_TC_43_B,,,,,PL_Manufacturer,PL_Style,,EA,1.15,1,DOWN,default,Phase,FALSE,0,
25,PL_Product_BLR_TC_43_B,,,,,PL_Manufacturer,PL_Style,,EA,1.15,1,DOWN,,Phase,FALSE,0,
25,PL_Product_BLR_TC_44_A_Con,,,,,PL_Manufacturer,PL_Style,,EA,1.15,1,DOWN,,Phase,FALSE,0,
24,PL_Product_BLR_TC_44_A_Con,,,,,PL_Manufacturer,PL_Style,,EA,1.15,1,DOWN,default,Phase,FALSE,0,
25,PL_Product_BLR_TC_44_A_Con_SS,,,,,PL_Manufacturer,PL_Style,,EA,1.15,1,DOWN,,Phase,FALSE,0,
24,PL_Product_BLR_TC_44_A_Con_SS,,,,,PL_Manufacturer,PL_Style,,EA,1.15,1,DOWN,default,Phase,FALSE,0,
25,PL_Product_BLR_TC_44_A_Con_SS_Sub,PL_Cat_BLR,,,,PL_Manufacturer,PL_Style,,EA,1.15,1,DOWN,,Phase,FALSE,0,
24,PL_Product_BLR_TC_44_A_Con_SS_Sub,PL_Cat_BLR,,,,PL_Manufacturer,PL_Style,,EA,1.15,1,DOWN,default,Phase,FALSE,0,
25,PL_Product_BLR_TC_44_A_Con_SS_Sub_Act,,,,,PL_Manufacturer,PL_Style,,EA,1.15,1,DOWN,,Phase,FALSE,0,
24,PL_Product_BLR_TC_44_A_Con_SS_Sub_Act,,,,,PL_Manufacturer,PL_Style,,EA,1.15,1,DOWN,default,Phase,FALSE,0,
24,PL_Product_BLR_TC_44_B,,,,,PL_Manufacturer,PL_Style,,EA,1.15,1,DOWN,default,Phase,FALSE,0,
25,PL_Product_BLR_TC_44_B,,,,,PL_Manufacturer,PL_Style,,EA,1.15,1,DOWN,,Phase,FALSE,0,
24,PL_Product_BLR_TC_45_A_Con_CustomOption_w_BLR_For_Job_1,,,,,PL_Manufacturer,PL_Style,,EA,1.15,1,DOWN,default,Phase,FALSE,0,
25,PL_Product_BLR_TC_45_A_Con_CustomOption_w_BLR_For_Job_1,,,,,PL_Manufacturer,PL_Style,,EA,1.15,1,DOWN,,Phase,FALSE,0,
24,PL_Product_BLR_TC_45_A_Con_CustomOption_w_BLR_For_Job_2,,,,,PL_Manufacturer,PL_Style,,EA,1.15,1,DOWN,default,Phase,FALSE,0,
25,PL_Product_BLR_TC_45_A_Con_CustomOption_w_BLR_For_Job_2,,,,,PL_Manufacturer,PL_Style,,EA,1.15,1,DOWN,,Phase,FALSE,0,
24,PL_Product_BLR_TC_45_A_Con_Option_w_BLR_For_Job_1,,,,,PL_Manufacturer,PL_Style,,EA,1.15,1,DOWN,default,Phase,FALSE,0,
25,PL_Product_BLR_TC_45_A_Con_Option_w_BLR_For_Job_1,,,,,PL_Manufacturer,PL_Style,,EA,1.15,1,DOWN,,Phase,FALSE,0,
24,PL_Product_BLR_TC_45_A_Con_Option_w_BLR_For_Job_2,,,,,PL_Manufacturer,PL_Style,,EA,1.15,1,DOWN,default,Phase,FALSE,0,
25,PL_Product_BLR_TC_45_A_Con_Option_w_BLR_For_Job_2,,,,,PL_Manufacturer,PL_Style,,EA,1.15,1,DOWN,,Phase,FALSE,0,
24,PL_Product_BLR_TC_45_A_Act_For_Job_Only_PBPA,,,,,PL_Manufacturer,PL_Style,,EA,1.15,1,DOWN,default,Phase,FALSE,0,
25,PL_Product_BLR_TC_45_A_Act_For_Job_Only_PBPA,,,,,PL_Manufacturer,PL_Style,,EA,1.15,1,DOWN,,Phase,FALSE,0,
25,PL_Product_BLR_TC_51_A_Con,,,,,PL_Manufacturer,PL_Style,,EA,1.15,1,DOWN,,Phase,FALSE,0,
24,PL_Product_BLR_TC_51_A_Con,,,,,PL_Manufacturer,PL_Style,,EA,1.15,1,DOWN,default,Phase,FALSE,0,
24,PL_Product_BLR_TC_51_A_Act,,,,,PL_Manufacturer,PL_Style,,EA,1.15,1,DOWN,default,Phase,FALSE,0,
25,PL_Product_BLR_TC_51_A_Act,,,,,PL_Manufacturer,PL_Style,,EA,1.15,1,DOWN,,Phase,FALSE,0,
24,PL_Product_BLR_TC_51_A_Act_Rev,,,,,PL_Manufacturer,PL_Style,,EA,1.15,1,DOWN,default,Phase,FALSE,0,
25,PL_Product_BLR_TC_51_A_Act_Rev,,,,,PL_Manufacturer,PL_Style,,EA,1.15,1,DOWN,,Phase,FALSE,0,
24,PL_Product_BLR_TC_52_A_Act,,,,,PL_Manufacturer,PL_Style,,EA,1.15,1,DOWN,default,Phase,FALSE,0,
25,PL_Product_BLR_TC_52_A_Act,,,,,PL_Manufacturer,PL_Style,,EA,1.15,1,DOWN,,Phase,FALSE,0,
24,PL_Product_BLR_TC_53_A_Act_1,,,,,PL_Manufacturer,PL_Style,,EA,1.15,1,DOWN,default,Phase,FALSE,0,
25,PL_Product_BLR_TC_53_A_Act_1,,,,,PL_Manufacturer,PL_Style,,EA,1.15,1,DOWN,,Phase,FALSE,0,
24,PL_Product_BLR_TC_53_A_Act_2,,,,,PL_Manufacturer,PL_Style,,EA,1.15,1,DOWN,default,Phase,FALSE,0,
25,PL_Product_BLR_TC_53_A_Act_2,,,,,PL_Manufacturer,PL_Style,,EA,1.15,1,DOWN,,Phase,FALSE,0,
24,PL_Product_BLR_TC_53_A_Act_3,,,,,PL_Manufacturer,PL_Style,,EA,1.15,1,DOWN,default,Phase,FALSE,0,
25,PL_Product_BLR_TC_53_A_Act_3,,,,,PL_Manufacturer,PL_Style,,EA,1.15,1,DOWN,,Phase,FALSE,0,
24,PL_Product_BLR_TC_53_A_Act_4,,,,,PL_Manufacturer,PL_Style,,EA,1.15,1,DOWN,default,Phase,FALSE,0,
25,PL_Product_BLR_TC_53_A_Act_4,,,,,PL_Manufacturer,PL_Style,,EA,1.15,1,DOWN,,Phase,FALSE,0,
24,PL_Product_BLR_TC_54_A_Act_1,,,,,PL_Manufacturer,PL_Style,,EA,1.15,1,DOWN,default,Phase,FALSE,0,
25,PL_Product_BLR_TC_54_A_Act_1,,,,,PL_Manufacturer,PL_Style,,EA,1.15,1,DOWN,,Phase,FALSE,0,
24,PL_Product_BLR_TC_54_A_Act_2,,,,,PL_Manufacturer,PL_Style,,EA,1.15,1,DOWN,default,Phase,FALSE,0,
25,PL_Product_BLR_TC_54_A_Act_2,,,,,PL_Manufacturer,PL_Style,,EA,1.15,1,DOWN,,Phase,FALSE,0,
24,PL_Product_BLR_TC_54_A_Act_3,,,,,PL_Manufacturer,PL_Style,,EA,1.15,1,DOWN,default,Phase,FALSE,0,
25,PL_Product_BLR_TC_54_A_Act_3,,,,,PL_Manufacturer,PL_Style,,EA,1.15,1,DOWN,,Phase,FALSE,0,
24,PL_Product_BLR_TC_54_A_Act_4,,,,,PL_Manufacturer,PL_Style,,EA,1.15,1,DOWN,default,Phase,FALSE,0,
25,PL_Product_BLR_TC_54_A_Act_4,,,,,PL_Manufacturer,PL_Style,,EA,1.15,1,DOWN,,Phase,FALSE,0,
24,PL_Product_BLR_TC_55_A_Act_1,,,,,PL_Manufacturer,PL_Style,,EA,1.15,1,DOWN,default,Phase,FALSE,0,
25,PL_Product_BLR_TC_55_A_Act_1,,,,,PL_Manufacturer,PL_Style,,EA,1.15,1,DOWN,,Phase,FALSE,0,
24,PL_Product_BLR_TC_55_A_Act_2,,,,,PL_Manufacturer,PL_Style,,EA,1.15,1,DOWN,default,Phase,FALSE,0,
25,PL_Product_BLR_TC_55_A_Act_2,,,,,PL_Manufacturer,PL_Style,,EA,1.15,1,DOWN,,Phase,FALSE,0,
24,PL_Product_BLR_TC_55_A_Act_3,,,,,PL_Manufacturer,PL_Style,,EA,1.15,1,DOWN,default,Phase,FALSE,0,
25,PL_Product_BLR_TC_55_A_Act_3,,,,,PL_Manufacturer,PL_Style,,EA,1.15,1,DOWN,,Phase,FALSE,0,
24,PL_Product_BLR_TC_55_A_Act_4,,,,,PL_Manufacturer,PL_Style,,EA,1.15,1,DOWN,default,Phase,FALSE,0,
25,PL_Product_BLR_TC_55_A_Act_4,,,,,PL_Manufacturer,PL_Style,,EA,1.15,1,DOWN,,Phase,FALSE,0,
24,PL_Product_BLR_TC_56_A_Act_1,,,,,PL_Manufacturer,PL_Style,,EA,1.15,1,DOWN,default,Phase,FALSE,0,
25,PL_Product_BLR_TC_56_A_Act_1,,,,,PL_Manufacturer,PL_Style,,EA,1.15,1,DOWN,,Phase,FALSE,0,
24,PL_Product_BLR_TC_56_A_Act_2,,,,,PL_Manufacturer,PL_Style,,EA,1.15,1,DOWN,default,Phase,FALSE,0,
25,PL_Product_BLR_TC_56_A_Act_2,,,,,PL_Manufacturer,PL_Style,,EA,1.15,1,DOWN,,Phase,FALSE,0,
24,PL_Product_BLR_TC_56_A_Act_3,,,,,PL_Manufacturer,PL_Style,,EA,1.15,1,DOWN,default,Phase,FALSE,0,
25,PL_Product_BLR_TC_56_A_Act_3,,,,,PL_Manufacturer,PL_Style,,EA,1.15,1,DOWN,,Phase,FALSE,0,
24,PL_Product_BLR_TC_56_A_Act_4,,,,,PL_Manufacturer,PL_Style,,EA,1.15,1,DOWN,default,Phase,FALSE,0,
25,PL_Product_BLR_TC_56_A_Act_4,,,,,PL_Manufacturer,PL_Style,,EA,1.15,1,DOWN,,Phase,FALSE,0,
25,PL_Product_BLR_TC_57_A_Con,PL_Cat_BLR,,,,PL_Manufacturer,PL_Style,,EA,1.15,1,DOWN,,Phase,FALSE,0,
24,PL_Product_BLR_TC_57_A_Con,PL_Cat_BLR,,,,PL_Manufacturer,PL_Style,,EA,1.15,1,DOWN,default,Phase,FALSE,0,
25,PL_Product_BLR_TC_57_A_Con_Custom_Opt,,,,,PL_Manufacturer,PL_Style,,EA,1.15,1,DOWN,,Phase,FALSE,0,
24,PL_Product_BLR_TC_57_A_Con_Custom_Opt,,,,,PL_Manufacturer,PL_Style,,EA,1.15,1,DOWN,default,Phase,FALSE,0,
24,PL_Product_BLR_TC_57_A_Act,,,,,PL_Manufacturer,PL_Style,,EA,1.15,1,DOWN,default,Phase,FALSE,0,
25,PL_Product_BLR_TC_57_A_Act,,,,,PL_Manufacturer,PL_Style,,EA,1.15,1,DOWN,,Phase,FALSE,0,
25,PL_Product_BLR_TC_58_A_Con,PL_Cat_BLR,,,,PL_Manufacturer,PL_Style,,EA,1.15,1,DOWN,,Phase,FALSE,0,
24,PL_Product_BLR_TC_58_A_Con,PL_Cat_BLR,,,,PL_Manufacturer,PL_Style,,EA,1.15,1,DOWN,default,Phase,FALSE,0,
24,PL_Product_BLR_TC_58_A_Act,,,,,PL_Manufacturer,PL_Style,,EA,1.15,1,DOWN,default,Phase,FALSE,0,
25,PL_Product_BLR_TC_58_A_Act,,,,,PL_Manufacturer,PL_Style,,EA,1.15,1,DOWN,,Phase,FALSE,0,
25,PL_Product_BLR_TC_59_A_Con,PL_Cat_BLR,,,,PL_Manufacturer,PL_Style,,EA,1.15,1,DOWN,,Phase,FALSE,0,
24,PL_Product_BLR_TC_59_A_Con,PL_Cat_BLR,,,,PL_Manufacturer,PL_Style,,EA,1.15,1,DOWN,default,Phase,FALSE,0,
24,PL_Product_BLR_TC_59_A_Act_1,,,,,PL_Manufacturer,PL_Style,,EA,1.15,1,DOWN,default,Phase,FALSE,0,
25,PL_Product_BLR_TC_59_A_Act_1,,,,,PL_Manufacturer,PL_Style,,EA,1.15,1,DOWN,,Phase,FALSE,0,
24,PL_Product_BLR_TC_59_A_Act_2,,,,,PL_Manufacturer,PL_Style,,EA,1.15,1,DOWN,default,Phase,FALSE,0,
25,PL_Product_BLR_TC_59_A_Act_2,,,,,PL_Manufacturer,PL_Style,,EA,1.15,1,DOWN,,Phase,FALSE,0,
25,PL_Product_BLR_TC_60_A_Con,PL_Cat_BLR,,,,PL_Manufacturer,PL_Style,,EA,1.15,1,DOWN,,Phase,FALSE,0,
24,PL_Product_BLR_TC_60_A_Con,PL_Cat_BLR,,,,PL_Manufacturer,PL_Style,,EA,1.15,1,DOWN,default,Phase,FALSE,0,
24,PL_Product_BLR_TC_60_A_Act,,,,,PL_Manufacturer,PL_Style,,EA,1.15,1,DOWN,default,Phase,FALSE,0,
25,PL_Product_BLR_TC_60_A_Act,,,,,PL_Manufacturer,PL_Style,,EA,1.15,1,DOWN,,Phase,FALSE,0,
24,PL_Product_BLR_TC_61_A_Act,PL_Cat_BLR,,,,PL_Manufacturer,PL_Style,,EA,0,,STANDARD,default,Phase,FALSE,0,
25,PL_Product_BLR_TC_61_A_Act,PL_Cat_BLR,,,,PL_Manufacturer,PL_Style,,EA,0,,STANDARD,,Phase,FALSE,0,
24,PL_Product_BLR_TC_61_A_Act_Act,,,,,PL_Manufacturer,PL_Style,,EA,0,,STANDARD,default,Phase,FALSE,0,
25,PL_Product_BLR_TC_61_A_Act_Act,,,,,PL_Manufacturer,PL_Style,,EA,0,,STANDARD,,Phase,FALSE,0,
24,PL_Product_BLR_TC_61_A_Act_Act_Act,,,,,PL_Manufacturer,PL_Style,,EA,0,,STANDARD,default,Phase,FALSE,0,
25,PL_Product_BLR_TC_61_A_Act_Act_Act,,,,,PL_Manufacturer,PL_Style,,EA,0,,STANDARD,,Phase,FALSE,0,
24,PL_Product_BLR_TC_62_A_Act,,,,,PL_Manufacturer,PL_Style,,EA,0,,STANDARD,default,Phase,FALSE,0,
25,PL_Product_BLR_TC_62_A_Act,,,,,PL_Manufacturer,PL_Style,,EA,0,,STANDARD,,Phase,FALSE,0,
24,PL_Product_BLR_TC_63_A_Act_1,PL_Cat_BLR,,,,PL_Manufacturer,PL_Style,,EA,0,,STANDARD,,Phase,FALSE,0,
25,PL_Product_BLR_TC_63_A_Act_1,PL_Cat_BLR,,,,PL_Manufacturer,PL_Style,,EA,0,,STANDARD,default,Phase,FALSE,0,
24,PL_Product_BLR_TC_63_A_Act_2,PL_Cat_BLR,,,,PL_Manufacturer,PL_Style,,EA,0,,STANDARD,,Phase,FALSE,0,
25,PL_Product_BLR_TC_63_A_Act_2,PL_Cat_BLR,,,,PL_Manufacturer,PL_Style,,EA,0,,STANDARD,default,Phase,FALSE,0,
24,PL_Product_BLR_TC_63_A_Act_3,,,,,PL_Manufacturer,PL_Style,,EA,0,,STANDARD,,Phase,FALSE,0,
25,PL_Product_BLR_TC_63_A_Act_3,,,,,PL_Manufacturer,PL_Style,,EA,0,,STANDARD,default,Phase,FALSE,0,
24,PL_Product_BLR_TC_81_A_Act,,,,,PL_Manufacturer,PL_Style,,EA,1.15,1,DOWN,default,Phase,FALSE,0,
25,PL_Product_BLR_TC_81_A_Act,,,,,PL_Manufacturer,PL_Style,,EA,1.15,1,DOWN,,Phase,FALSE,0,
24,PL_Product_BLR_TC_82_A_Act,,,,,PL_Manufacturer,PL_Style,,EA,1.15,1,DOWN,default,Phase,FALSE,0,
25,PL_Product_BLR_TC_82_A_Act,,,,,PL_Manufacturer,PL_Style,,EA,1.15,1,DOWN,,Phase,FALSE,0,
24,PL_Product_BLR_TC_83_A_Act,,,,,PL_Manufacturer,PL_Style,,EA,1.15,1,DOWN,default,Phase,FALSE,0,
25,PL_Product_BLR_TC_83_A_Act,,,,,PL_Manufacturer,PL_Style,,EA,1.15,1,DOWN,,Phase,FALSE,0,
24,PL_Product_BLR_TC_84_A_Act,,,,,PL_Manufacturer,PL_Style,,EA,1.15,1,DOWN,default,Phase,FALSE,0,
25,PL_Product_BLR_TC_84_A_Act,,,,,PL_Manufacturer,PL_Style,,EA,1.15,1,DOWN,,Phase,FALSE,0,
24,PL_Product_BLR_TC_85_A_Act,,,,,PL_Manufacturer,PL_Style,,EA,1.15,1,DOWN,default,Phase,FALSE,0,
25,PL_Product_BLR_TC_85_A_Act,,,,,PL_Manufacturer,PL_Style,,EA,1.15,1,DOWN,,Phase,FALSE,0,
24,PL_Product_BLR_TC_86_A_Act,,,,,PL_Manufacturer,PL_Style,,EA,1.15,1,DOWN,default,Phase,FALSE,0,
25,PL_Product_BLR_TC_86_A_Act,,,,,PL_Manufacturer,PL_Style,,EA,1.15,1,DOWN,,Phase,FALSE,0,
24,PL_Product_BLR_TC_87_A_Act,PL_Cat_BLR,,,,PL_Manufacturer,PL_Style,,EA,1.15,1,DOWN,default,Phase,FALSE,0,
25,PL_Product_BLR_TC_87_A_Act,PL_Cat_BLR,,,,PL_Manufacturer,PL_Style,,EA,1.15,1,DOWN,,Phase,FALSE,0,
24,PL_Product_BLR_TC_87_A_Act_Act,,,,,PL_Manufacturer,PL_Style,,EA,1.15,1,DOWN,default,Phase,FALSE,0,
25,PL_Product_BLR_TC_87_A_Act_Act,,,,,PL_Manufacturer,PL_Style,,EA,1.15,1,DOWN,,Phase,FALSE,0,
24,PL_Product_BLR_TC_88_A_Act,PL_Cat_BLR,,,,PL_Manufacturer,PL_Style,,EA,1.15,1,DOWN,default,Phase,FALSE,0,
25,PL_Product_BLR_TC_88_A_Act,PL_Cat_BLR,,,,PL_Manufacturer,PL_Style,,EA,1.15,1,DOWN,,Phase,FALSE,0,
24,PL_Product_BLR_TC_89_A_Act,PL_Cat_BLR,,,,PL_Manufacturer,PL_Style,,EA,1.15,1,DOWN,default,Phase,FALSE,0,
25,PL_Product_BLR_TC_89_A_Act,PL_Cat_BLR,,,,PL_Manufacturer,PL_Style,,EA,1.15,1,DOWN,,Phase,FALSE,0,
24,PL_Product_BLR_TC_89_A_Act_SS,,,,,PL_Manufacturer,PL_Style,,EA,1.15,1,DOWN,default,Phase,FALSE,0,
25,PL_Product_BLR_TC_89_A_Act_SS,,,,,PL_Manufacturer,PL_Style,,EA,1.15,1,DOWN,,Phase,FALSE,0,
24,PL_Product_BLR_TC_90_A_Act,PL_Cat_BLR,,,,PL_Manufacturer,PL_Style,,EA,1.15,1,DOWN,default,Phase,FALSE,0,
25,PL_Product_BLR_TC_90_A_Act,PL_Cat_BLR,,,,PL_Manufacturer,PL_Style,,EA,1.15,1,DOWN,,Phase,FALSE,0,
24,PL_Product_BLR_TC_90_A_Act_Sub,,,,,PL_Manufacturer,PL_Style,,EA,1.15,1,DOWN,default,Phase,FALSE,0,
25,PL_Product_BLR_TC_90_A_Act_Sub,,,,,PL_Manufacturer,PL_Style,,EA,1.15,1,DOWN,,Phase,FALSE,0,
24,PL_Product_BLR_TC_90_A_Act_Sub_SS,,,,,PL_Manufacturer,PL_Style,,EA,1.15,1,DOWN,default,Phase,FALSE,0,
25,PL_Product_BLR_TC_90_A_Act_Sub_SS,,,,,PL_Manufacturer,PL_Style,,EA,1.15,1,DOWN,,Phase,FALSE,0,
24,PL_Product_BLR_TC_90_A_Act_Sub_SS_Sub,,,,,PL_Manufacturer,PL_Style,,EA,1.15,1,DOWN,default,Phase,FALSE,0,
25,PL_Product_BLR_TC_90_A_Act_Sub_SS_Sub,,,,,PL_Manufacturer,PL_Style,,EA,1.15,1,DOWN,,Phase,FALSE,0,
24,PL_Product_BLR_TC_91_A_Act,PL_Cat_BLR,,,,PL_Manufacturer,PL_Style,,EA,1.15,1,DOWN,default,Phase,FALSE,0,
25,PL_Product_BLR_TC_91_A_Act,PL_Cat_BLR,,,,PL_Manufacturer,PL_Style,,EA,1.15,1,DOWN,,Phase,FALSE,0,
24,PL_Product_BLR_TC_91_A_Act_Act,,,,,PL_Manufacturer,PL_Style,,EA,1.15,1,DOWN,default,Phase,FALSE,0,
25,PL_Product_BLR_TC_91_A_Act_Act,,,,,PL_Manufacturer,PL_Style,,EA,1.15,1,DOWN,,Phase,FALSE,0,
24,PL_Product_BLR_TC_92_A_Act,,,,,PL_Manufacturer,PL_Style,,EA,1.15,1,DOWN,default,Phase,FALSE,0,
25,PL_Product_BLR_TC_92_A_Act,,,,,PL_Manufacturer,PL_Style,,EA,1.15,1,DOWN,,Phase,FALSE,0,
24,PL_Product_BLR_TC_92_A_Act_Sub,PL_Cat_BLR,,,,PL_Manufacturer,PL_Style,,EA,1.15,1,DOWN,default,Phase,FALSE,0,
25,PL_Product_BLR_TC_92_A_Act_Sub,PL_Cat_BLR,,,,PL_Manufacturer,PL_Style,,EA,1.15,1,DOWN,,Phase,FALSE,0,
24,PL_Product_BLR_TC_92_A_Act_Sub_Act,,,,,PL_Manufacturer,PL_Style,,EA,1.15,1,DOWN,default,Phase,FALSE,0,
25,PL_Product_BLR_TC_92_A_Act_Sub_Act,,,,,PL_Manufacturer,PL_Style,,EA,1.15,1,DOWN,,Phase,FALSE,0,
24,PL_Product_BLR_TC_93_A_Act,PL_Cat_BLR,,,,PL_Manufacturer,PL_Style,,EA,1.15,1,DOWN,default,Phase,FALSE,0,
24,PL_Product_BLR_TC_93_A_Act,PL_Cat_BLR,,,,PL_Manufacturer,PL_Style,,EA,1.15,1,DOWN,default,Phase,FALSE,0,
25,PL_Product_BLR_TC_93_A_Act,PL_Cat_BLR,,,,PL_Manufacturer_2,PL_Style_2,,EA,1.15,1,DOWN,,Phase,FALSE,0,
25,PL_Product_BLR_TC_93_A_Act,PL_Cat_BLR,,,,PL_Manufacturer_2,PL_Style_2,,EA,1.15,1,DOWN,,Phase,FALSE,0,
24,PL_Product_BLR_TC_93_A_Act_Act,,,,,PL_Manufacturer,PL_Style,,EA,1.15,1,DOWN,default,Phase,FALSE,0,
25,PL_Product_BLR_TC_93_A_Act_Act,,,,,PL_Manufacturer,PL_Style,,EA,1.15,1,DOWN,,Phase,FALSE,0,
24,PL_Product_BLR_TC_94_A_Act,,,,,PL_Manufacturer,PL_Style,,EA,1.15,1,DOWN,default,Phase,FALSE,0,
25,PL_Product_BLR_TC_94_A_Act,,,,,PL_Manufacturer,PL_Style,,EA,1.15,1,DOWN,,Phase,FALSE,0,
24,PL_Product_BLR_TC_94_A_Act_Sub,PL_Cat_BLR,,,,PL_Manufacturer,PL_Style,,EA,1.15,1,DOWN,default,Phase,FALSE,0,
25,PL_Product_BLR_TC_94_A_Act_Sub,PL_Cat_BLR,,,,PL_Manufacturer,PL_Style,,EA,1.15,1,DOWN,,Phase,FALSE,0,
24,PL_Product_BLR_TC_94_A_Act_Sub_Act,,,,,PL_Manufacturer,PL_Style,,EA,1.15,1,DOWN,default,Phase,FALSE,0,
25,PL_Product_BLR_TC_94_A_Act_Sub_Act,,,,,PL_Manufacturer,PL_Style,,EA,1.15,1,DOWN,,Phase,FALSE,0,
24,PL_Product_BLR_TC_95_A_Act,,,,,PL_Manufacturer,PL_Style,,EA,1.15,1,DOWN,default,Phase,FALSE,0,
24,PL_Product_BLR_TC_95_A_Act,,,,,PL_Manufacturer,PL_Style,,EA,1.15,1,DOWN,default,Phase,FALSE,0,
25,PL_Product_BLR_TC_95_A_Act,,,,,PL_Manufacturer_2,PL_Style_2,,EA,1.15,1,DOWN,,Phase,FALSE,0,
25,PL_Product_BLR_TC_95_A_Act,,,,,PL_Manufacturer_2,PL_Style_2,,EA,1.15,1,DOWN,,Phase,FALSE,0,
24,PL_Product_BLR_TC_95_A_Act_Sub,,,,,PL_Manufacturer_2,PL_Style_2,,EA,1.15,1,DOWN,,Phase,FALSE,0,
25,PL_Product_BLR_TC_95_A_Act_Sub,,,,,PL_Manufacturer_2,PL_Style_2,,EA,1.15,1,DOWN,,Phase,FALSE,0,
24,PL_Product_BLR_TC_95_A_Act_Sub_SS,,,,,PL_Manufacturer_2,PL_Style_2,,EA,1.15,1,DOWN,,Phase,FALSE,0,
25,PL_Product_BLR_TC_95_A_Act_Sub_SS,,,,,PL_Manufacturer_2,PL_Style_2,,EA,1.15,1,DOWN,,Phase,FALSE,0,
24,PL_Product_BLR_TC_95_A_Act_Sub_SS_Sub,PL_Cat_BLR,,,,PL_Manufacturer_2,PL_Style_2,,EA,1.15,1,DOWN,,Phase,FALSE,0,
25,PL_Product_BLR_TC_95_A_Act_Sub_SS_Sub,PL_Cat_BLR,,,,PL_Manufacturer_2,PL_Style_2,,EA,1.15,1,DOWN,,Phase,FALSE,0,
24,PL_Product_BLR_TC_95_A_Act_Sub_SS_Sub_Act,,,,,PL_Manufacturer,PL_Style,,EA,1.15,1,DOWN,default,Phase,FALSE,0,
24,PL_Product_BLR_TC_95_A_Act_Sub_SS_Sub_Act,,,,,PL_Manufacturer,PL_Style,,EA,1.15,1,DOWN,default,Phase,FALSE,0,
25,PL_Product_BLR_TC_95_A_Act_Sub_SS_Sub_Act,,,,,PL_Manufacturer_2,PL_Style_2,,EA,1.15,1,DOWN,,Phase,FALSE,0,
25,PL_Product_BLR_TC_95_A_Act_Sub_SS_Sub_Act,,,,,PL_Manufacturer_2,PL_Style_2,,EA,1.15,1,DOWN,,Phase,FALSE,0,
24,PL_Product_BLR_TC_96_A_Act,PL_Cat_BLR,,,,PL_Manufacturer,PL_Style,,EA,1.15,1,DOWN,default,Phase,FALSE,0,
24,PL_Product_BLR_TC_96_A_Act,PL_Cat_BLR,,,,PL_Manufacturer,PL_Style,,EA,1.15,1,DOWN,default,Phase,FALSE,0,
25,PL_Product_BLR_TC_96_A_Act,PL_Cat_BLR,,,,PL_Manufacturer_2,PL_Style_2,,EA,1.15,1,DOWN,,Phase,FALSE,0,
25,PL_Product_BLR_TC_96_A_Act,PL_Cat_BLR,,,,PL_Manufacturer_2,PL_Style_2,,EA,1.15,1,DOWN,,Phase,FALSE,0,
24,PL_Product_BLR_TC_96_A_Act_Act,PL_Cat_BLR,,,,PL_Manufacturer,PL_Style,,EA,1.15,1,DOWN,default,Phase,FALSE,0,
24,PL_Product_BLR_TC_96_A_Act_Act,PL_Cat_BLR,,,,PL_Manufacturer,PL_Style,,EA,1.15,1,DOWN,default,Phase,FALSE,0,
25,PL_Product_BLR_TC_96_A_Act_Act,PL_Cat_BLR,,,,PL_Manufacturer_2,PL_Style_2,,EA,1.15,1,DOWN,,Phase,FALSE,0,
25,PL_Product_BLR_TC_96_A_Act_Act,PL_Cat_BLR,,,,PL_Manufacturer_2,PL_Style_2,,EA,1.15,1,DOWN,,Phase,FALSE,0,
24,PL_Product_BLR_TC_96_A_Act_Act_Act,,,,,PL_Manufacturer,PL_Style,,EA,1.15,1,DOWN,default,Phase,FALSE,0,
25,PL_Product_BLR_TC_96_A_Act_Act_Act,,,,,PL_Manufacturer,PL_Style,,EA,1.15,1,DOWN,,Phase,FALSE,0,
24,PL_Product_BLR_TC_97_A_Act,,,,,PL_Manufacturer,PL_Style,,EA,1.15,1,DOWN,default,Phase,FALSE,0,
24,PL_Product_BLR_TC_97_A_Act,,,,,PL_Manufacturer,PL_Style,,EA,1.15,1,DOWN,default,Phase,FALSE,0,
25,PL_Product_BLR_TC_97_A_Act,,,,,PL_Manufacturer_2,PL_Style_2,,EA,1.15,1,DOWN,,Phase,FALSE,0,
25,PL_Product_BLR_TC_97_A_Act,,,,,PL_Manufacturer_2,PL_Style_2,,EA,1.15,1,DOWN,,Phase,FALSE,0,
24,PL_Product_BLR_TC_97_A_Act_Sub,PL_Cat_BLR,,,,PL_Manufacturer_2,PL_Style_2,,EA,1.15,1,DOWN,,Phase,FALSE,0,
25,PL_Product_BLR_TC_97_A_Act_Sub,PL_Cat_BLR,,,,PL_Manufacturer_2,PL_Style_2,,EA,1.15,1,DOWN,,Phase,FALSE,0,
24,PL_Product_BLR_TC_97_A_Act_Sub_Act,,,,,PL_Manufacturer,PL_Style,,EA,1.15,1,DOWN,default,Phase,FALSE,0,
24,PL_Product_BLR_TC_97_A_Act_Sub_Act,,,,,PL_Manufacturer,PL_Style,,EA,1.15,1,DOWN,default,Phase,FALSE,0,
25,PL_Product_BLR_TC_97_A_Act_Sub_Act,,,,,PL_Manufacturer_2,PL_Style_2,,EA,1.15,1,DOWN,,Phase,FALSE,0,
25,PL_Product_BLR_TC_97_A_Act_Sub_Act,,,,,PL_Manufacturer_2,PL_Style_2,,EA,1.15,1,DOWN,,Phase,FALSE,0,
24,PL_Product_BLR_TC_97_A_Act_Sub_Act_SS,,,,,PL_Manufacturer,PL_Style,,EA,1.15,1,DOWN,default,Phase,FALSE,0,
25,PL_Product_BLR_TC_97_A_Act_Sub_Act_SS,,,,,PL_Manufacturer,PL_Style,,EA,1.15,1,DOWN,,Phase,FALSE,0,
24,PL_Product_BLR_TC_97_A_Act_Sub_Act_Sub,PL_Cat_BLR,,,,PL_Manufacturer,PL_Style,,EA,1.15,1,DOWN,default,Phase,FALSE,0,
25,PL_Product_BLR_TC_97_A_Act_Sub_Act_Sub,PL_Cat_BLR,,,,PL_Manufacturer,PL_Style,,EA,1.15,1,DOWN,,Phase,FALSE,0,
24,PL_Product_BLR_TC_97_A_Act_Sub_Act_Sub_Act,,,,,PL_Manufacturer,PL_Style,,EA,1.15,1,DOWN,default,Phase,FALSE,0,
25,PL_Product_BLR_TC_97_A_Act_Sub_Act_Sub_Act,,,,,PL_Manufacturer,PL_Style,,EA,1.15,1,DOWN,,Phase,FALSE,0,
24,PL_Product_BLR_TC_98_A_Act,,,,,PL_Manufacturer,PL_Style,,EA,1.15,1,DOWN,default,Phase,FALSE,0,
25,PL_Product_BLR_TC_98_A_Act,,,,,PL_Manufacturer,PL_Style,,EA,1.15,1,DOWN,,Phase,FALSE,0,
24,PL_Product_BLR_TC_98_A_Act_2,,,,,PL_Manufacturer,PL_Style,,EA,1.15,1,DOWN,default,Phase,FALSE,0,
25,PL_Product_BLR_TC_98_A_Act_2,,,,,PL_Manufacturer,PL_Style,,EA,1.15,1,DOWN,,Phase,FALSE,0,
24,PL_Product_BLR_TC_99_A_Act_1,,,,,PL_Manufacturer,PL_Style,,EA,1.15,1,DOWN,default,Phase,FALSE,0,
25,PL_Product_BLR_TC_99_A_Act_1,,,,,PL_Manufacturer,PL_Style,,EA,1.15,1,DOWN,,Phase,FALSE,0,
24,PL_Product_BLR_TC_99_A_Act_2,,,,,PL_Manufacturer,PL_Style,,EA,1.15,1,DOWN,default,Phase,FALSE,0,
25,PL_Product_BLR_TC_99_A_Act_2,,,,,PL_Manufacturer,PL_Style,,EA,1.15,1,DOWN,,Phase,FALSE,0,
24,PL_Product_BLR_TC_100_A_Act,,,,,PL_Manufacturer,PL_Style,,EA,1.15,1,DOWN,default,Phase,FALSE,0,
25,PL_Product_BLR_TC_100_A_Act,,,,,PL_Manufacturer,PL_Style,,EA,1.15,1,DOWN,,Phase,FALSE,0,
24,PL_Product_BLR_TC_100_A_Act_1,,,,,PL_Manufacturer,PL_Style,,EA,1.15,1,DOWN,default,Phase,FALSE,0,
25,PL_Product_BLR_TC_100_A_Act_1,,,,,PL_Manufacturer,PL_Style,,EA,1.15,1,DOWN,,Phase,FALSE,0,
24,PL_Product_BLR_TC_100_A_Act_2,,,,,PL_Manufacturer,PL_Style,,EA,1.15,1,DOWN,default,Phase,FALSE,0,
25,PL_Product_BLR_TC_100_A_Act_2,,,,,PL_Manufacturer,PL_Style,,EA,1.15,1,DOWN,,Phase,FALSE,0,
25,PL_Product_BLR_TC_101_A_Con_1,PL_Cat_BLR,,,,PL_Manufacturer,PL_Style,,EA,1.15,1,DOWN,,Phase,FALSE,0,
24,PL_Product_BLR_TC_101_A_Con_1,PL_Cat_BLR,,,,PL_Manufacturer,PL_Style,,EA,1.15,1,DOWN,default,Phase,FALSE,0,
25,PL_Product_BLR_TC_101_A_Con_2,PL_Cat_BLR,,,,PL_Manufacturer,PL_Style,,EA,1.15,1,DOWN,,Phase,FALSE,0,
24,PL_Product_BLR_TC_101_A_Con_2,PL_Cat_BLR,,,,PL_Manufacturer,PL_Style,,EA,1.15,1,DOWN,default,Phase,FALSE,0,
25,PL_Product_BLR_TC_101_A_Con_3,PL_Cat_BLR,,,,PL_Manufacturer,PL_Style,,EA,1.15,1,DOWN,,Phase,FALSE,0,
24,PL_Product_BLR_TC_101_A_Con_3,PL_Cat_BLR,,,,PL_Manufacturer,PL_Style,,EA,1.15,1,DOWN,default,Phase,FALSE,0,
25,PL_Product_BLR_TC_101_A_Con_4,PL_Cat_BLR,,,,PL_Manufacturer,PL_Style,,EA,1.15,1,DOWN,,Phase,FALSE,0,
24,PL_Product_BLR_TC_101_A_Con_4,PL_Cat_BLR,,,,PL_Manufacturer,PL_Style,,EA,1.15,1,DOWN,default,Phase,FALSE,0,
25,PL_Product_BLR_TC_101_A_Act_1,,,,,PL_Manufacturer,PL_Style,,EA,1.15,1,DOWN,,Phase,FALSE,0,
24,PL_Product_BLR_TC_101_A_Act_1,,,,,PL_Manufacturer,PL_Style,,EA,1.15,1,DOWN,default,Phase,FALSE,0,
25,PL_Product_BLR_TC_101_A_Act_2,,,,,PL_Manufacturer,PL_Style,,EA,1.15,1,DOWN,,Phase,FALSE,0,
24,PL_Product_BLR_TC_101_A_Act_2,,,,,PL_Manufacturer,PL_Style,,EA,1.15,1,DOWN,default,Phase,FALSE,0,
25,PL_Product_BLR_TC_102_A_Act,,,,,PL_Manufacturer,PL_Style,,EA,1.15,1,DOWN,,Phase,FALSE,0,
24,PL_Product_BLR_TC_102_A_Act,,,,,PL_Manufacturer,PL_Style,,EA,1.15,1,DOWN,default,Phase,FALSE,0,
25,PL_Product_BLR_TC_102_A_Act_1,,,,,PL_Manufacturer,PL_Style,,EA,1.15,1,DOWN,,Phase,FALSE,0,
24,PL_Product_BLR_TC_102_A_Act_1,,,,,PL_Manufacturer,PL_Style,,EA,1.15,1,DOWN,default,Phase,FALSE,0,
25,PL_Product_BLR_TC_102_A_Act_2,,,,,PL_Manufacturer,PL_Style,,EA,1.15,1,DOWN,,Phase,FALSE,0,
24,PL_Product_BLR_TC_102_A_Act_2,,,,,PL_Manufacturer,PL_Style,,EA,1.15,1,DOWN,default,Phase,FALSE,0,
25,PL_Product_BLR_TC_102_A_Act_Act_1,,,,,PL_Manufacturer,PL_Style,,EA,1.15,1,DOWN,,Phase,FALSE,0,
24,PL_Product_BLR_TC_102_A_Act_Act_1,,,,,PL_Manufacturer,PL_Style,,EA,1.15,1,DOWN,default,Phase,FALSE,0,
25,PL_Product_BLR_TC_102_A_Act_Act_1,,,,,PL_Manufacturer_2,PL_Style_2,,EA,1.15,1,DOWN,,Phase,FALSE,0,
24,PL_Product_BLR_TC_102_A_Act_Act_1,,,,,PL_Manufacturer_2,PL_Style_2,,EA,1.15,1,DOWN,default,Phase,FALSE,0,
24,PL_Product_BLR_TC_103_A_Act,,,,,PL_Manufacturer,PL_Style,,EA,1.15,1,DOWN,default,Phase,FALSE,0,
25,PL_Product_BLR_TC_103_A_Act,,,,,PL_Manufacturer,PL_Style,,EA,1.15,1,DOWN,,Phase,FALSE,0,
24,PL_Product_BLR_TC_103_A_Act_SS,,,,,PL_Manufacturer,PL_Style,,EA,1.15,1,DOWN,default,Phase,FALSE,0,
25,PL_Product_BLR_TC_103_A_Act_SS,,,,,PL_Manufacturer,PL_Style,,EA,1.15,1,DOWN,,Phase,FALSE,0,
24,PL_Product_BLR_TC_103_A_Act_SS_Sub,PL_Cat_BLR,,,,PL_Manufacturer,PL_Style,,EA,1.15,1,DOWN,default,Phase,FALSE,0,
25,PL_Product_BLR_TC_103_A_Act_SS_Sub,PL_Cat_BLR,,,,PL_Manufacturer,PL_Style,,EA,1.15,1,DOWN,,Phase,FALSE,0,
24,PL_Product_BLR_TC_103_A_Act_SS_Sub_Act,,,,,PL_Manufacturer,PL_Style,,EA,1.15,1,DOWN,default,Phase,FALSE,0,
25,PL_Product_BLR_TC_103_A_Act_SS_Sub_Act,,,,,PL_Manufacturer,PL_Style,,EA,1.15,1,DOWN,,Phase,FALSE,0,
24,PL_Product_BLR_TC_103_A_Act_SS_Sub_Act_Sub,PL_Cat_BLR,,,,PL_Manufacturer,PL_Style,,EA,1.15,1,DOWN,default,Phase,FALSE,0,
25,PL_Product_BLR_TC_103_A_Act_SS_Sub_Act_Sub,PL_Cat_BLR,,,,PL_Manufacturer,PL_Style,,EA,1.15,1,DOWN,,Phase,FALSE,0,
24,PL_Product_BLR_TC_103_A_Act_SS_Sub_Act_SS,,,,,PL_Manufacturer,PL_Style,,EA,1.15,1,DOWN,default,Phase,FALSE,0,
25,PL_Product_BLR_TC_103_A_Act_SS_Sub_Act_SS,,,,,PL_Manufacturer,PL_Style,,EA,1.15,1,DOWN,,Phase,FALSE,0,
24,PL_Product_BLR_TC_103_A_Act_SS_Sub_Act_Sub_Act,,,,,PL_Manufacturer,PL_Style,,EA,1.15,1,DOWN,default,Phase,FALSE,0,
25,PL_Product_BLR_TC_103_A_Act_SS_Sub_Act_Sub_Act,,,,,PL_Manufacturer,PL_Style,,EA,1.15,1,DOWN,,Phase,FALSE,0,
24,PL_Product_BLR_TC_104_A_Act,PL_Cat_BLR,,,,PL_Manufacturer,PL_Style,,EA,1.15,1,DOWN,default,Phase,FALSE,0,
25,PL_Product_BLR_TC_104_A_Act,PL_Cat_BLR,,,,PL_Manufacturer,PL_Style,,EA,1.15,1,DOWN,,Phase,FALSE,0,
24,PL_Product_BLR_TC_104_A_Act_Act,PL_Cat_BLR,,,,PL_Manufacturer,PL_Style,,EA,1.15,1,DOWN,default,Phase,FALSE,0,
25,PL_Product_BLR_TC_104_A_Act_Act,PL_Cat_BLR,,,,PL_Manufacturer,PL_Style,,EA,1.15,1,DOWN,,Phase,FALSE,0,
24,PL_Product_BLR_TC_104_A_Act_Act_Act,,,,,PL_Manufacturer,PL_Style,,EA,1.15,1,DOWN,default,Phase,FALSE,0,
25,PL_Product_BLR_TC_104_A_Act_Act_Act,,,,,PL_Manufacturer,PL_Style,,EA,1.15,1,DOWN,,Phase,FALSE,0,
24,PL_Product_BLR_TC_104_A_Act_Act_Act,,,,,PL_Manufacturer_2,PL_Style_2,,EA,1.15,1,DOWN,default,Phase,FALSE,0,
25,PL_Product_BLR_TC_104_A_Act_Act_Act,,,,,PL_Manufacturer_2,PL_Style_2,,EA,1.15,1,DOWN,,Phase,FALSE,0,
25,PL_Product_BLR_TC_105_A_Con,,,,,PL_Manufacturer,PL_Style,,EA,1.15,1,DOWN,,Phase,FALSE,0,
24,PL_Product_BLR_TC_105_A_Con,,,,,PL_Manufacturer,PL_Style,,EA,1.15,1,DOWN,default,Phase,FALSE,0,
25,PL_Product_BLR_TC_105_A_Con_Custom_Opt,,,,,PL_Manufacturer,PL_Style,,EA,1.15,1,DOWN,,Phase,FALSE,0,
24,PL_Product_BLR_TC_105_A_Con_Custom_Opt,,,,,PL_Manufacturer,PL_Style,,EA,1.15,1,DOWN,default,Phase,FALSE,0,
24,PL_Product_BLR_TC_105_A_Act,,,,,PL_Manufacturer,PL_Style,,EA,1.15,1,DOWN,default,Phase,FALSE,0,
25,PL_Product_BLR_TC_105_A_Act,,,,,PL_Manufacturer,PL_Style,,EA,1.15,1,DOWN,,Phase,FALSE,0,
25,PL_Product_BLR_TC_106_A_Con,,,,,PL_Manufacturer,PL_Style,,EA,1.15,1,DOWN,,Phase,FALSE,0,
24,PL_Product_BLR_TC_106_A_Con,,,,,PL_Manufacturer,PL_Style,,EA,1.15,1,DOWN,default,Phase,FALSE,0,
24,PL_Product_BLR_TC_106_A_Act,,,,,PL_Manufacturer,PL_Style,,EA,1.15,1,DOWN,default,Phase,FALSE,0,
25,PL_Product_BLR_TC_106_A_Act,,,,,PL_Manufacturer,PL_Style,,EA,1.15,1,DOWN,,Phase,FALSE,0,
25,PL_Product_BLR_TC_107_A_Con_1,,,,,PL_Manufacturer,PL_Style,,EA,1.15,1,DOWN,,Phase,FALSE,0,
24,PL_Product_BLR_TC_107_A_Con_1,,,,,PL_Manufacturer,PL_Style,,EA,1.15,1,DOWN,default,Phase,FALSE,0,
25,PL_Product_BLR_TC_107_A_Con_2,,,,,PL_Manufacturer,PL_Style,,EA,1.15,1,DOWN,,Phase,FALSE,0,
24,PL_Product_BLR_TC_107_A_Con_2,,,,,PL_Manufacturer,PL_Style,,EA,1.15,1,DOWN,default,Phase,FALSE,0,
24,PL_Product_BLR_TC_107_A_Act_1,,,,,PL_Manufacturer,PL_Style,,EA,1.15,1,DOWN,default,Phase,FALSE,0,
25,PL_Product_BLR_TC_107_A_Act_1,,,,,PL_Manufacturer,PL_Style,,EA,1.15,1,DOWN,,Phase,FALSE,0,
24,PL_Product_BLR_TC_107_A_Act_2,,,,,PL_Manufacturer,PL_Style,,EA,1.15,1,DOWN,default,Phase,FALSE,0,
25,PL_Product_BLR_TC_107_A_Act_2,,,,,PL_Manufacturer,PL_Style,,EA,1.15,1,DOWN,,Phase,FALSE,0,
25,PL_Product_BLR_TC_108_A_Con,PL_Cat_BLR,,,,PL_Manufacturer,PL_Style,,EA,1.15,1,DOWN,,Phase,FALSE,0,
24,PL_Product_BLR_TC_108_A_Con,PL_Cat_BLR,,,,PL_Manufacturer,PL_Style,,EA,1.15,1,DOWN,default,Phase,FALSE,0,
24,PL_Product_BLR_TC_108_A_Act,,,,,PL_Manufacturer,PL_Style,,EA,1.15,1,DOWN,default,Phase,FALSE,0,
25,PL_Product_BLR_TC_108_A_Act,,,,,PL_Manufacturer,PL_Style,,EA,1.15,1,DOWN,,Phase,FALSE,0,
25,PL_Product_BLR_TC_109_A_Con,PL_Cat_BLR,,,,PL_Manufacturer,PL_Style,,EA,1.15,1,DOWN,,Phase,FALSE,0,
24,PL_Product_BLR_TC_109_A_Con,PL_Cat_BLR,,,,PL_Manufacturer,PL_Style,,EA,1.15,1,DOWN,default,Phase,FALSE,0,
25,PL_Product_BLR_TC_109_A_Con_SS,,,,,PL_Manufacturer,PL_Style,,EA,1.15,1,DOWN,,Phase,FALSE,0,
24,PL_Product_BLR_TC_109_A_Con_SS,,,,,PL_Manufacturer,PL_Style,,EA,1.15,1,DOWN,default,Phase,FALSE,0,
25,PL_Product_BLR_TC_109_A_Con_SS_Sub,PL_Cat_BLR,,,,PL_Manufacturer,PL_Style,,EA,1.15,1,DOWN,,Phase,FALSE,0,
24,PL_Product_BLR_TC_109_A_Con_SS_Sub,PL_Cat_BLR,,,,PL_Manufacturer,PL_Style,,EA,1.15,1,DOWN,default,Phase,FALSE,0,
25,PL_Product_BLR_TC_109_A_Con_SS_Sub_Act,,,,,PL_Manufacturer,PL_Style,,EA,1.15,1,DOWN,,Phase,FALSE,0,
24,PL_Product_BLR_TC_109_A_Con_SS_Sub_Act,,,,,PL_Manufacturer,PL_Style,,EA,1.15,1,DOWN,default,Phase,FALSE,0,
24,PL_Product_BLR_TC_109_B,,,,,PL_Manufacturer,PL_Style,,EA,1.15,1,DOWN,default,Phase,FALSE,0,
25,PL_Product_BLR_TC_109_B,,,,,PL_Manufacturer,PL_Style,,EA,1.15,1,DOWN,,Phase,FALSE,0,
25,PL_Product_BLR_TC_110_A_Con,PL_Cat_BLR,,,,PL_Manufacturer,PL_Style,,EA,1.15,1,DOWN,,Phase,FALSE,0,
24,PL_Product_BLR_TC_110_A_Con,PL_Cat_BLR,,,,PL_Manufacturer,PL_Style,,EA,1.15,1,DOWN,default,Phase,FALSE,0,
24,PL_Product_BLR_TC_110_A_Act,,,,,PL_Manufacturer,PL_Style,,EA,1.15,1,DOWN,default,Phase,FALSE,0,
25,PL_Product_BLR_TC_110_A_Act,,,,,PL_Manufacturer,PL_Style,,EA,1.15,1,DOWN,,Phase,FALSE,0,
24,PL_Product_BLR_TC_110_A_Act_Rev,,,,,PL_Manufacturer,PL_Style,,EA,1.15,1,DOWN,default,Phase,FALSE,0,
25,PL_Product_BLR_TC_110_A_Act_Rev,,,,,PL_Manufacturer,PL_Style,,EA,1.15,1,DOWN,,Phase,FALSE,0,
25,PL_Product_BLR_TC_111_A_Con,PL_Cat_BLR,,,,PL_Manufacturer,PL_Style,,EA,1.15,1,DOWN,,Phase,FALSE,0,
24,PL_Product_BLR_TC_111_A_Con,PL_Cat_BLR,,,,PL_Manufacturer,PL_Style,,EA,1.15,1,DOWN,default,Phase,FALSE,0,
24,PL_Product_BLR_TC_111_A_Act,,,,,PL_Manufacturer,PL_Style,,EA,1.15,1,DOWN,default,Phase,FALSE,0,
25,PL_Product_BLR_TC_111_A_Act,,,,,PL_Manufacturer,PL_Style,,EA,1.15,1,DOWN,,Phase,FALSE,0,
24,PL_Product_BLR_TC_111_A_Act_Rev,,,,,PL_Manufacturer,PL_Style,,EA,1.15,1,DOWN,default,Phase,FALSE,0,
25,PL_Product_BLR_TC_111_A_Act_Rev,,,,,PL_Manufacturer,PL_Style,,EA,1.15,1,DOWN,,Phase,FALSE,0,
24,PL_Product_BLR_TC_111_B,,,,,PL_Manufacturer,PL_Style,,EA,1.15,1,DOWN,default,Phase,FALSE,0,
25,PL_Product_BLR_TC_111_B,,,,,PL_Manufacturer,PL_Style,,EA,1.15,1,DOWN,,Phase,FALSE,0,
25,PL_Product_BLR_TC_112_A_Con_1,PL_Cat_BLR,,,,PL_Manufacturer,PL_Style,,EA,1.15,1,DOWN,,Phase,FALSE,0,
24,PL_Product_BLR_TC_112_A_Con_1,PL_Cat_BLR,,,,PL_Manufacturer,PL_Style,,EA,1.15,1,DOWN,default,Phase,FALSE,0,
25,PL_Product_BLR_TC_112_A_Con_2,PL_Cat_BLR,,,,PL_Manufacturer,PL_Style,,EA,1.15,1,DOWN,,Phase,FALSE,0,
24,PL_Product_BLR_TC_112_A_Con_2,PL_Cat_BLR,,,,PL_Manufacturer,PL_Style,,EA,1.15,1,DOWN,default,Phase,FALSE,0,
25,PL_Product_BLR_TC_112_A_Con_3,PL_Cat_BLR,,,,PL_Manufacturer,PL_Style,,EA,1.15,1,DOWN,,Phase,FALSE,0,
24,PL_Product_BLR_TC_112_A_Con_3,PL_Cat_BLR,,,,PL_Manufacturer,PL_Style,,EA,1.15,1,DOWN,default,Phase,FALSE,0,
25,PL_Product_BLR_TC_112_A_Con_3_Sub,,,,,PL_Manufacturer,PL_Style,,EA,1.15,1,DOWN,,Phase,FALSE,0,
24,PL_Product_BLR_TC_112_A_Con_3_Sub,,,,,PL_Manufacturer,PL_Style,,EA,1.15,1,DOWN,default,Phase,FALSE,0,
25,PL_Product_BLR_TC_112_A_Con_4,PL_Cat_BLR,,,,PL_Manufacturer,PL_Style,,EA,1.15,1,DOWN,,Phase,FALSE,0,
24,PL_Product_BLR_TC_112_A_Con_4,PL_Cat_BLR,,,,PL_Manufacturer,PL_Style,,EA,1.15,1,DOWN,default,Phase,FALSE,0,
25,PL_Product_BLR_TC_112_A_Act_1,,,,,PL_Manufacturer,PL_Style,,EA,1.15,1,DOWN,,Phase,FALSE,0,
24,PL_Product_BLR_TC_112_A_Act_1,,,,,PL_Manufacturer,PL_Style,,EA,1.15,1,DOWN,default,Phase,FALSE,0,
25,PL_Product_BLR_TC_112_A_Act_Rev_1,,,,,PL_Manufacturer,PL_Style,,EA,1.15,1,DOWN,,Phase,FALSE,0,
24,PL_Product_BLR_TC_112_A_Act_Rev_1,,,,,PL_Manufacturer,PL_Style,,EA,1.15,1,DOWN,default,Phase,FALSE,0,
25,PL_Product_BLR_TC_112_A_Act_1_2,,,,,PL_Manufacturer,PL_Style,,EA,1.15,1,DOWN,,Phase,FALSE,0,
24,PL_Product_BLR_TC_112_A_Act_1_2,,,,,PL_Manufacturer,PL_Style,,EA,1.15,1,DOWN,default,Phase,FALSE,0,
25,PL_Product_BLR_TC_112_A_Act_2,PL_Cat_BLR,,,,PL_Manufacturer,PL_Style,,EA,1.15,1,DOWN,,Phase,FALSE,0,
24,PL_Product_BLR_TC_112_A_Act_2,PL_Cat_BLR,,,,PL_Manufacturer,PL_Style,,EA,1.15,1,DOWN,default,Phase,FALSE,0,
25,PL_Product_BLR_TC_112_A_Act_3,,,,,PL_Manufacturer,PL_Style,,EA,1.15,1,DOWN,,Phase,FALSE,0,
24,PL_Product_BLR_TC_112_A_Act_3,,,,,PL_Manufacturer,PL_Style,,EA,1.15,1,DOWN,default,Phase,FALSE,0,
25,PL_Product_BLR_TC_112_A_Act_4,,,,,PL_Manufacturer,PL_Style,,EA,1.15,1,DOWN,,Phase,FALSE,0,
24,PL_Product_BLR_TC_112_A_Act_4,,,,,PL_Manufacturer,PL_Style,,EA,1.15,1,DOWN,default,Phase,FALSE,0,
25,PL_Product_BLR_TC_112_A_Act_4_2,,,,,PL_Manufacturer,PL_Style,,EA,1.15,1,DOWN,,Phase,FALSE,0,
24,PL_Product_BLR_TC_112_A_Act_4_2,,,,,PL_Manufacturer,PL_Style,,EA,1.15,1,DOWN,default,Phase,FALSE,0,
25,PL_Product_BLR_TC_112_A_Act_Rev_4_2,,,,,PL_Manufacturer,PL_Style,,EA,1.15,1,DOWN,,Phase,FALSE,0,
24,PL_Product_BLR_TC_112_A_Act_Rev_4_2,,,,,PL_Manufacturer,PL_Style,,EA,1.15,1,DOWN,default,Phase,FALSE,0,
25,PL_Product_BLR_TC_112_A_Act_Act_2,,,,,PL_Manufacturer,PL_Style,,EA,1.15,1,DOWN,,Phase,FALSE,0,
24,PL_Product_BLR_TC_112_A_Act_Act_2,,,,,PL_Manufacturer,PL_Style,,EA,1.15,1,DOWN,default,Phase,FALSE,0,
25,PL_Product_BLR_TC_112_A_Act_Act_3,,,,,PL_Manufacturer,PL_Style,,EA,1.15,1,DOWN,,Phase,FALSE,0,
24,PL_Product_BLR_TC_112_A_Act_Act_3,,,,,PL_Manufacturer,PL_Style,,EA,1.15,1,DOWN,default,Phase,FALSE,0,
25,PL_Product_BLR_TC_112_A_Act_Act_3_Sub,,,,,PL_Manufacturer,PL_Style,,EA,1.15,1,DOWN,,Phase,FALSE,0,
24,PL_Product_BLR_TC_112_A_Act_Act_3_Sub,,,,,PL_Manufacturer,PL_Style,,EA,1.15,1,DOWN,default,Phase,FALSE,0,
25,PL_Product_BLR_TC_112_A_Act_Act_Act_3_1,PL_Cat_BLR,,,,PL_Manufacturer,PL_Style,,EA,1.15,1,DOWN,,Phase,FALSE,0,
24,PL_Product_BLR_TC_112_A_Act_Act_Act_3_1,PL_Cat_BLR,,,,PL_Manufacturer,PL_Style,,EA,1.15,1,DOWN,default,Phase,FALSE,0,
25,PL_Product_BLR_TC_112_A_Act_Act_Act_3_2,,,,,PL_Manufacturer,PL_Style,,EA,1.15,1,DOWN,,Phase,FALSE,0,
24,PL_Product_BLR_TC_112_A_Act_Act_Act_3_2,,,,,PL_Manufacturer,PL_Style,,EA,1.15,1,DOWN,default,Phase,FALSE,0,
25,PL_Product_BLR_TC_112_A_Act_Act_Act_Act_3_1,,,,,PL_Manufacturer,PL_Style,,EA,1.15,1,DOWN,,Phase,FALSE,0,
24,PL_Product_BLR_TC_112_A_Act_Act_Act_Act_3_1,,,,,PL_Manufacturer,PL_Style,,EA,1.15,1,DOWN,default,Phase,FALSE,0,
25,PL_Product_BLR_TC_112_A_Act_Act_Act_Act_Rev_3_1,,,,,PL_Manufacturer,PL_Style,,EA,1.15,1,DOWN,,Phase,FALSE,0,
24,PL_Product_BLR_TC_112_A_Act_Act_Act_Act_Rev_3_1,,,,,PL_Manufacturer,PL_Style,,EA,1.15,1,DOWN,default,Phase,FALSE,0,
25,PL_Product_BLR_TC_112_B,,,,,PL_Manufacturer,PL_Style,,EA,1.15,1,DOWN,,Phase,FALSE,0,
24,PL_Product_BLR_TC_112_B,,,,,PL_Manufacturer,PL_Style,,EA,1.15,1,DOWN,default,Phase,FALSE,0,
25,PL_Product_BLR_TC_112_B_Rev,,,,,PL_Manufacturer,PL_Style,,EA,1.15,1,DOWN,,Phase,FALSE,0,
24,PL_Product_BLR_TC_112_B_Rev,,,,,PL_Manufacturer,PL_Style,,EA,1.15,1,DOWN,default,Phase,FALSE,0,
25,PL_Product_BLR_TC_113_A_Act_1,,,,,PL_Manufacturer,PL_Style,,EA,1.15,1,DOWN,,Phase,FALSE,0,
24,PL_Product_BLR_TC_113_A_Act_1,,,,,PL_Manufacturer,PL_Style,,EA,1.15,1,DOWN,default,Phase,FALSE,0,
25,PL_Product_BLR_TC_113_A_Act_Act_1,,,,,PL_Manufacturer,PL_Style,,EA,1.15,1,DOWN,,Phase,FALSE,0,
24,PL_Product_BLR_TC_113_A_Act_Act_1,,,,,PL_Manufacturer,PL_Style,,EA,1.15,1,DOWN,default,Phase,FALSE,0,
25,PL_Product_BLR_TC_113_A_Act_2,,,,,PL_Manufacturer,PL_Style,,EA,1.15,1,DOWN,,Phase,FALSE,0,
24,PL_Product_BLR_TC_113_A_Act_2,,,,,PL_Manufacturer,PL_Style,,EA,1.15,1,DOWN,default,Phase,FALSE,0,
25,PL_Product_BLR_TC_113_A_Act_SS_2,,,,,PL_Manufacturer,PL_Style,,EA,1.15,1,DOWN,,Phase,FALSE,0,
24,PL_Product_BLR_TC_113_A_Act_SS_2,,,,,PL_Manufacturer,PL_Style,,EA,1.15,1,DOWN,default,Phase,FALSE,0,
25,PL_Product_BLR_TC_113_A_Act_SS_Sub_2,,,,,PL_Manufacturer,PL_Style,,EA,1.15,1,DOWN,,Phase,FALSE,0,
24,PL_Product_BLR_TC_113_A_Act_SS_Sub_2,,,,,PL_Manufacturer,PL_Style,,EA,1.15,1,DOWN,default,Phase,FALSE,0,
25,PL_Product_BLR_TC_113_A_Act_SS_Sub_SS_2,,,,,PL_Manufacturer,PL_Style,,EA,1.15,1,DOWN,,Phase,FALSE,0,
24,PL_Product_BLR_TC_113_A_Act_SS_Sub_SS_2,,,,,PL_Manufacturer,PL_Style,,EA,1.15,1,DOWN,default,Phase,FALSE,0,
25,PL_Product_BLR_TC_113_A_Act_SS_Sub_SS_Rev_2,,,,,PL_Manufacturer,PL_Style,,EA,1.15,1,DOWN,,Phase,FALSE,0,
24,PL_Product_BLR_TC_113_A_Act_SS_Sub_SS_Rev_2,,,,,PL_Manufacturer,PL_Style,,EA,1.15,1,DOWN,default,Phase,FALSE,0,
25,PL_Product_BLR_TC_113_A_Con_3,,,,,PL_Manufacturer,PL_Style,,EA,1.15,1,DOWN,,Phase,FALSE,0,
24,PL_Product_BLR_TC_113_A_Con_3,,,,,PL_Manufacturer,PL_Style,,EA,1.15,1,DOWN,default,Phase,FALSE,0,
25,PL_Product_BLR_TC_113_A_Con_Sub_3,,,,,PL_Manufacturer,PL_Style,,EA,1.15,1,DOWN,,Phase,FALSE,0,
24,PL_Product_BLR_TC_113_A_Con_Sub_3,,,,,PL_Manufacturer,PL_Style,,EA,1.15,1,DOWN,default,Phase,FALSE,0,
25,PL_Product_BLR_TC_113_A_Con_Sub_SS_3,,,,,PL_Manufacturer,PL_Style,,EA,1.15,1,DOWN,,Phase,FALSE,0,
24,PL_Product_BLR_TC_113_A_Con_Sub_SS_3,,,,,PL_Manufacturer,PL_Style,,EA,1.15,1,DOWN,default,Phase,FALSE,0,
25,PL_Product_BLR_TC_113_A_Con_Sub_SS_Sub_3,,,,,PL_Manufacturer,PL_Style,,EA,1.15,1,DOWN,,Phase,FALSE,0,
24,PL_Product_BLR_TC_113_A_Con_Sub_SS_Sub_3,,,,,PL_Manufacturer,PL_Style,,EA,1.15,1,DOWN,default,Phase,FALSE,0,
25,PL_Product_BLR_TC_113_A_Con_4,,,,,PL_Manufacturer,PL_Style,,EA,1.15,1,DOWN,,Phase,FALSE,0,
24,PL_Product_BLR_TC_113_A_Con_4,,,,,PL_Manufacturer,PL_Style,,EA,1.15,1,DOWN,default,Phase,FALSE,0,
25,PL_Product_BLR_TC_113_A_Act_4,,,,,PL_Manufacturer,PL_Style,,EA,1.15,1,DOWN,,Phase,FALSE,0,
24,PL_Product_BLR_TC_113_A_Act_4,,,,,PL_Manufacturer,PL_Style,,EA,1.15,1,DOWN,default,Phase,FALSE,0,
25,PL_Product_BLR_TC_113_A_Act_Rev_4,,,,,PL_Manufacturer,PL_Style,,EA,1.15,1,DOWN,,Phase,FALSE,0,
24,PL_Product_BLR_TC_113_A_Act_Rev_4,,,,,PL_Manufacturer,PL_Style,,EA,1.15,1,DOWN,default,Phase,FALSE,0,
25,PL_Product_BLR_TC_113_B,,,,,PL_Manufacturer,PL_Style,,EA,1.15,1,DOWN,,Phase,FALSE,0,
24,PL_Product_BLR_TC_113_B,,,,,PL_Manufacturer,PL_Style,,EA,1.15,1,DOWN,default,Phase,FALSE,0,
25,PL_Product_BLR_TC_113_B_Rev,,,,,PL_Manufacturer,PL_Style,,EA,1.15,1,DOWN,,Phase,FALSE,0,
24,PL_Product_BLR_TC_113_B_Rev,,,,,PL_Manufacturer,PL_Style,,EA,1.15,1,DOWN,default,Phase,FALSE,0,
24,PL_Product_BLR_TC_114_A_Act,,,,,PL_Manufacturer,PL_Style,,EA,1.15,1,DOWN,default,Phase,FALSE,0,
25,PL_Product_BLR_TC_114_A_Act,,,,,PL_Manufacturer,PL_Style,,EA,1.15,1,DOWN,,Phase,FALSE,0,
24,PL_Product_BLR_TC_114_A_Act_1,,,,,PL_Manufacturer,PL_Style,,EA,1.15,1,DOWN,default,Phase,FALSE,0,
25,PL_Product_BLR_TC_114_A_Act_1,,,,,PL_Manufacturer,PL_Style,,EA,1.15,1,DOWN,,Phase,FALSE,0,
24,PL_Product_BLR_TC_114_A_Act_2,,,,,PL_Manufacturer,PL_Style,,EA,1.15,1,DOWN,default,Phase,FALSE,0,
25,PL_Product_BLR_TC_114_A_Act_2,,,,,PL_Manufacturer,PL_Style,,EA,1.15,1,DOWN,,Phase,FALSE,0,
24,PL_Product_BLR_TC_115_A_Act,,,,,PL_Manufacturer,PL_Style,,EA,1.15,1,DOWN,default,Phase,FALSE,0,
25,PL_Product_BLR_TC_115_A_Act,,,,,PL_Manufacturer,PL_Style,,EA,1.15,1,DOWN,,Phase,FALSE,0,
24,PL_Product_BLR_TC_115_A_Act_Act,,,,,PL_Manufacturer,PL_Style,,EA,1.15,1,DOWN,default,Phase,FALSE,0,
25,PL_Product_BLR_TC_115_A_Act_Act,,,,,PL_Manufacturer,PL_Style,,EA,1.15,1,DOWN,,Phase,FALSE,0,
24,PL_Product_BLR_TC_116_A_Act,,,,,PL_Manufacturer,PL_Style,,EA,1.15,1,DOWN,default,Phase,FALSE,0,
25,PL_Product_BLR_TC_116_A_Act,,,,,PL_Manufacturer,PL_Style,,EA,1.15,1,DOWN,,Phase,FALSE,0,
24,PL_Product_BLR_TC_116_A_Act_Act,,,,,PL_Manufacturer,PL_Style,,EA,1.15,1,DOWN,default,Phase,FALSE,0,
25,PL_Product_BLR_TC_116_A_Act_Act,,,,,PL_Manufacturer,PL_Style,,EA,1.15,1,DOWN,,Phase,FALSE,0,
24,PL_Product_Defected_Parent,,,,,PL_Manufacturer,PL_Style,,EA,0,,STANDARD,default,Phase,FALSE,0,
31,PL_Product_Defected_Parent,,,,,PL_Manufacturer,PL_Style,,EA,0,,STANDARD,,Phase,FALSE,0,
31,PL_Product_Defected_Sub_1,,,,,PL_Manufacturer,PL_Style,,EA,0,,STANDARD,default,Phase,FALSE,0,
31,PL_Product_Defected_Sub_2,,,,,PL_Manufacturer,PL_Style,,EA,0,,STANDARD,default,Phase,FALSE,0,
31,PL_Product_Defected_Sub_3,,,,,PL_Manufacturer,PL_Style,,EA,0,,STANDARD,default,Phase,FALSE,0,
31,PL_Product_Defected_Sub_4,,,,,PL_Manufacturer,PL_Style,,EA,0,,STANDARD,default,Phase,FALSE,0,
31,PL_Product_Defected_Sub_5,,,,,PL_Manufacturer,PL_Style,,EA,0,,STANDARD,default,Phase,FALSE,0,
31,PL_Product_Defected_Sub_6,,,,,PL_Manufacturer,PL_Style,,EA,0,,STANDARD,default,Phase,FALSE,0,
31,PL_Product_Defected_Sub_7,,,,,PL_Manufacturer,PL_Style,,EA,0,,STANDARD,default,Phase,FALSE,0,
31,PL_Product_Defected_Sub_8,,,,,PL_Manufacturer,PL_Style,,EA,0,,STANDARD,default,Phase,FALSE,0,
31,PL_Product_Defected_Sub_9,,,,,PL_Manufacturer,PL_Style,,EA,0,,STANDARD,default,Phase,FALSE,0,
31,PL_Product_Defected_Sub_10,,,,,PL_Manufacturer,PL_Style,,EA,0,,STANDARD,default,Phase,FALSE,0,
31,PL_Product_Defected_Sub_11,,,,,PL_Manufacturer,PL_Style,,EA,0,,STANDARD,default,Phase,FALSE,0,
31,PL_Product_Defected_Sub_12,,,,,PL_Manufacturer,PL_Style,,EA,0,,STANDARD,default,Phase,FALSE,0,
31,PL_Product_Defected_Sub_13,,,,,PL_Manufacturer,PL_Style,,EA,0,,STANDARD,default,Phase,FALSE,0,
31,PL_Product_Defected_Sub_14,,,,,PL_Manufacturer,PL_Style,,EA,0,,STANDARD,default,Phase,FALSE,0,
31,PL_Product_Defected_Sub_15,,,,,PL_Manufacturer,PL_Style,,EA,0,,STANDARD,default,Phase,FALSE,0,
31,PL_Product_Defected_Sub_16,,,,,PL_Manufacturer,PL_Style,,EA,0,,STANDARD,default,Phase,FALSE,0,
31,PL_Product_Defected_Sub_17,,,,,PL_Manufacturer,PL_Style,,EA,0,,STANDARD,default,Phase,FALSE,0,
31,PL_Product_Defected_Sub_18,,,,,PL_Manufacturer,PL_Style,,EA,0,,STANDARD,default,Phase,FALSE,0,
31,PL_Product_Defected_Sub_19,,,,,PL_Manufacturer,PL_Style,,EA,0,,STANDARD,default,Phase,FALSE,0,
31,PL_Product_Defected_Sub_20,,,,,PL_Manufacturer,PL_Style,,EA,0,,STANDARD,default,Phase,FALSE,0,
24,PL_Product_Orientation_1_From,,,,,PL_Manufacturer,PL_Style,,EA,0,,STANDARD,default,Phase,FALSE,0,
25,PL_Product_Orientation_1_From,,,,,PL_Manufacturer,PL_Style,,EA,0,,STANDARD,,Phase,FALSE,0,
24,PL_Product_Orientation_1_To,,,,,PL_Manufacturer,PL_Style,,EA,0,,STANDARD,default,Phase,FALSE,0,
25,PL_Product_Orientation_1_To,,,,,PL_Manufacturer,PL_Style,,EA,0,,STANDARD,,Phase,FALSE,0,
24,PL_Product_Job_Orientation_1_L,,,,,PL_Manufacturer,PL_Style,,EA,0,,STANDARD,default,Phase,FALSE,0,
25,PL_Product_Job_Orientation_1_L,,,,,PL_Manufacturer,PL_Style,,EA,0,,STANDARD,,Phase,FALSE,0,
24,PL_Product_Job_Orientation_2_L,,,,,PL_Manufacturer,PL_Style,,EA,0,,STANDARD,default,Phase,FALSE,0,
25,PL_Product_Job_Orientation_2_L,,,,,PL_Manufacturer,PL_Style,,EA,0,,STANDARD,,Phase,FALSE,0,
24,PL_Product_Job_Orientation_2_R,,,,,PL_Manufacturer,PL_Style,,EA,0,,STANDARD,default,Phase,FALSE,0,
25,PL_Product_Job_Orientation_2_R,,,,,PL_Manufacturer,PL_Style,,EA,0,,STANDARD,,Phase,FALSE,0,
27,PL_Product_Supplemental_BID,,,,,GENERIC,BID,,EA,0,,STANDARD,default,Phase,FALSE,0,
27,PL_Product_Supplemental_BID_Following_1,,,,,PL_Manufacturer,PL_Style,,EA,0,,STANDARD,default,Phase,TRUE,12,
27,PL_Product_Supplemental_BID_Following_2,,,,,PL_Manufacturer,PL_Style,,EA,0,,STANDARD,default,Phase,TRUE,13,
27,PL_Product_Supplemental_BID_Following_3_No_Supp,,,,,PL_Manufacturer,PL_Style,,EA,0,,STANDARD,default,Phase,FALSE,0,
24,PL_Product_Sum_0_Qty,,,,,PL_Manufacturer,PL_Style,,EA,0,,STANDARD,default,Phase,FALSE,0,
24,PL_Product_Negative_Round_Up,,,,,PL_Manufacturer,PL_Style,,EA,1.1,1,UP,default,Phase,FALSE,0,
24,PL_Product_SpecSets_1_Layer_From,,,,,PL_Manufacturer,PL_Style,,EA,0,,STANDARD,default,Phase,FALSE,0,
24,PL_Product_SpecSets_1_Layer_To,,,,,PL_Manufacturer,PL_Style,,EA,0,,STANDARD,default,Phase,FALSE,0,
24,PL_Product_SpecSets_2_Layer_From_1,,,,,PL_Manufacturer,PL_Style,,EA,0,,STANDARD,default,Phase,FALSE,0,
24,PL_Product_SpecSets_2_Layer_From_2,,,,,PL_Manufacturer,PL_Style,,EA,0,,STANDARD,default,Phase,FALSE,0,
24,PL_Product_SpecSets_2_Layer_To,,,,,PL_Manufacturer,PL_Style,,EA,0,,STANDARD,default,Phase,FALSE,0,
28,PL_Product_BBPR_Original_Product_Static_Type,,,,,PL_Manufacturer,PL_Style,,EA,0,,STANDARD,default,Phase,FALSE,0,
29,PL_Product_BBPR_Sub_1_BP_Keep_29_Static_Type,,,,,PL_Manufacturer,PL_Style,,EA,0,,STANDARD,default,Phase,FALSE,0,
29,PL_Product_BBPR_Sub_2_BP_Change_To_30_Static_Type,,,,,PL_Manufacturer,PL_Style,,EA,0,,STANDARD,default,Phase,FALSE,0,
30,PL_Product_BBPR_Sub_2_BP_Change_To_30_Static_Type,,,,,PL_Manufacturer,PL_Style,,EA,0,,STANDARD,,Phase,FALSE,0,
28,PL_Product_BBPR_Original_Product_BOM_Type,,,,,PL_Manufacturer,PL_Style,,EA,0,,STANDARD,default,Phase,FALSE,0,
29,PL_Product_BBPR_Sub_1_BP_Keep_29_BOM_Type,,,,,PL_Manufacturer,PL_Style,,EA,0,,STANDARD,default,Phase,FALSE,0,
29,PL_Product_BBPR_Sub_2_BP_Change_To_30_BOM_Type,,,,,PL_Manufacturer,PL_Style,,EA,0,,STANDARD,default,Phase,FALSE,0,
30,PL_Product_BBPR_Sub_2_BP_Change_To_30_BOM_Type,,,,,PL_Manufacturer,PL_Style,,EA,0,,STANDARD,,Phase,FALSE,0,
24,PL_Product_Archive_1_Option,,,,,PL_Manufacturer,PL_Style,,EA,0,,STANDARD,default,Phase,FALSE,0,
24,PL_Product_Archive_2_1_House,,,,,PL_Manufacturer,PL_Style,,EA,0,,STANDARD,default,Phase,FALSE,0,
24,PL_Product_Archive_2_2_House,,,,,PL_Manufacturer,PL_Style,,EA,0,,STANDARD,default,Phase,FALSE,0,
24,PL_Product_Archive_3_1_House,,,,,PL_Manufacturer,PL_Style,,EA,0,,STANDARD,default,Phase,FALSE,0,
24,PL_Product_Archive_3_2_House,,,,,PL_Manufacturer,PL_Style,,EA,0,,STANDARD,default,Phase,FALSE,0,
24,PL_Product_Archive_3_3_House,,,,,PL_Manufacturer,PL_Style,,EA,0,,STANDARD,default,Phase,FALSE,0,
